ID,RiskScore
0,32.142888565284494
1,50.95514927681295
2,31.293679149548524
3,34.132580512264575
4,35.17023621990885
5,64.55297977638875
6,30.639720275460014
7,30.798917874198267
8,32.03920725180554
9,56.352189257980356
10,45.22104410784728
11,30.43996196125145
12,46.760305323626
13,35.65448163133381
14,45.8799591765976
15,54.99994184344969
16,28.059499426327164
17,30.544202833081066
18,61.00120981849704
19,63.25536698990365
20,67.33246025501383
21,31.061222356709315
22,56.956257039755926
23,35.03785099268701
24,48.103554179768594
25,30.793975264422222
26,33.58048291479173
27,29.695232243817877
28,50.516027949786434
29,95.68022217731719
30,31.697940618079414
31,56.14819590554182
32,32.55525895937751
33,29.89781504087187
34,37.22082992383268
35,35.51108312494998
36,59.73812990203398
37,48.879891560283305
38,44.26788056079609
39,62.35055042536645
40,57.78500191672555
41,50.578730998875216
42,64.85812543740552
43,28.56879540112022
44,43.916664845633484
45,29.576110852934825
46,34.178103990043724
47,64.16232025615427
48,30.97292817096607
49,34.37540769133093
50,54.1377822860258
51,50.79066355304897
52,45.693127275925036
53,35.32519170723271
54,31.088579456279973
55,33.309935064783
56,63.22832775725221
57,36.96923180563991
58,41.64548388875892
59,55.85571473124491
60,65.7406843989554
61,44.98853506918067
62,29.498134756297176
63,69.23747306701276
64,29.93012251152725
65,32.441633825655735
66,52.21822243186026
67,60.65454431667761
68,36.66746390079702
69,58.976121767276595
70,37.463682053839776
71,38.4085632900413
72,45.55163157729547
73,57.52268611368342
74,49.651774747374525
75,56.431216273844385
76,59.53549534758295
77,27.909172374786323
78,44.10941070050217
79,54.92501424882549
80,60.140115228633825
81,53.57678454815617
82,50.72964900298527
83,35.790601593969235
84,61.81279787664521
85,62.242188795810335
86,53.56029581701637
87,27.386828559725316
88,48.417865627891814
89,65.52891852461967
90,32.99951294668303
91,52.11783989712984
92,36.44241484816816
93,30.68113977246741
94,39.170274512577585
95,36.74222317591207
96,34.5050457487682
97,58.55904883681303
98,34.08393081169881
99,56.556829682473335
100,34.04610656171501
101,32.70088755196679
102,63.16758002156064
103,71.94830250626822
104,30.380902417331782
105,74.9801313667545
106,60.821573065473494
107,61.9607083644761
108,36.14166788495294
109,72.15049501718981
110,44.77696749386212
111,58.8730948592782
112,74.4851110915218
113,61.38941406636915
114,56.901093089332676
115,33.598274152065066
116,65.3989089540259
117,50.22143431608337
118,35.94479784577163
119,42.25948554705849
120,31.112909453941775
121,68.70537645698458
122,30.966643469359227
123,50.52599439441657
124,32.092402855757015
125,59.900354545074116
126,23.91402107348403
127,28.635590940682143
128,34.730236263710175
129,69.54901387864444
130,30.042115518652302
131,58.52710249419087
132,69.16251910740701
133,70.14231220923281
134,29.095872428682355
135,34.5389866534033
136,26.646059738635714
137,33.80075958182532
138,35.22583495345194
139,39.59418384483541
140,43.63993199941692
141,45.16807133197743
142,26.81580517570361
143,28.1870825544851
144,62.21111991453632
145,30.56490331596958
146,47.637839405685064
147,64.83684159318894
148,61.77502067892399
149,62.92183761637531
150,38.30147674095581
151,31.54405006269191
152,64.27587955696445
153,42.16853865165345
154,54.79232236400218
155,36.534969862854496
156,58.65448221066184
157,60.47958686865563
158,56.588231989497885
159,59.06350003427892
160,45.16619106317593
161,32.59542940668567
162,63.814480140433496
163,36.55065085164845
164,44.167597562655445
165,48.17919261322931
166,30.80809198043535
167,42.44650119798424
168,34.37699623948298
169,28.449990318668334
170,36.157496344151156
171,37.06270480994723
172,56.184890266461025
173,41.57422181233564
174,34.033417508635296
175,40.578490654675605
176,56.063190505320655
177,40.6867515025052
178,36.41067807917946
179,65.70136053053615
180,39.611244285763846
181,34.27738120673045
182,63.01593184252787
183,43.845107572451724
184,67.48797280951341
185,62.384380492549624
186,70.98030879265764
187,57.89246314434837
188,34.331976690022906
189,24.81824065632992
190,31.345354830721597
191,66.39057971796204
192,55.16025202897754
193,31.490613782480153
194,56.70217072154199
195,29.251920759931913
196,31.04218774984151
197,56.72762969263532
198,65.52908821587866
199,34.80175572828676
200,29.75265072184923
201,52.02149666310965
202,30.513109396590778
203,32.59570609136135
204,65.16428220339837
205,55.48820867100358
206,57.9230411598898
207,45.796793959257265
208,51.9318332750601
209,61.23416854118237
210,28.484447239806258
211,29.038461691007157
212,60.8954572915911
213,57.43751805006612
214,37.77547383163132
215,50.01671329469746
216,62.18107282488169
217,63.96190379550263
218,48.00451818010325
219,31.31664050358465
220,32.41963021011976
221,33.99480600746189
222,31.534049189414887
223,51.42423918307058
224,29.39589554618111
225,59.061798047968935
226,50.16920981489375
227,32.26519814261907
228,35.15677491258725
229,37.8159472500163
230,42.91060977926443
231,46.768398168985286
232,47.228326027153386
233,52.93448918577813
234,60.68902018378291
235,39.43752447163884
236,30.25397980573014
237,47.73213035982948
238,55.616125427535366
239,30.484583620618736
240,58.53723126045186
241,63.243549766034185
242,43.78025472498298
243,63.215305060059144
244,61.62200437079086
245,62.58536454533317
246,26.375349575666014
247,40.300569362615654
248,69.14182775321879
249,26.702572662755493
250,55.180691770015045
251,31.910792132512
252,45.35454288869051
253,46.11517264338146
254,46.49754159985845
255,34.52043045461775
256,49.371934929411104
257,60.08205320106261
258,56.34675517612784
259,34.144446677679085
260,47.54481659415425
261,44.640808368604226
262,28.5733987208397
263,68.94229940460647
264,53.79908328359735
265,26.677280063775328
266,42.097419886582756
267,25.879663189489342
268,59.15884732957435
269,74.12540899524512
270,59.442116126209584
271,64.46402566413074
272,32.81154618363499
273,42.735921988629855
274,29.018862597305514
275,38.85661653106336
276,60.050714076710506
277,32.08673115912037
278,54.70376784310869
279,28.02194677159474
280,57.717220630303004
281,54.13050663764922
282,55.14283232075203
283,50.39238565173357
284,34.43387938704045
285,31.995159855951833
286,29.95220267935506
287,65.02607712727651
288,46.168495188670164
289,32.90871560155344
290,53.64460648465018
291,36.569483001493175
292,50.63568387609875
293,58.384576200539485
294,32.11615626557732
295,62.824462534929346
296,62.168873678947215
297,32.64371790417836
298,36.03050515207045
299,67.43989872490151
300,43.867826303886
301,65.1253442716973
302,52.338676951166555
303,33.76928466594275
304,51.69988036693566
305,30.925601996604485
306,34.165222676713384
307,60.922690500108544
308,53.24375255828243
309,31.12597304118281
310,57.23080328349113
311,50.34671962927352
312,49.002192499690594
313,39.08209958823771
314,58.08751159121182
315,67.9921558633967
316,39.50473894367028
317,35.025624569302586
318,59.26142053906636
319,32.28092109889603
320,30.156567404931025
321,33.48502216280357
322,65.41633372663007
323,66.09200607003706
324,72.42741615778037
325,31.493282186303894
326,68.42282480918527
327,31.149149069973838
328,41.58490161156392
329,29.697148620453888
330,48.11688560803933
331,71.77463170675689
332,25.907058842341428
333,57.706031476694285
334,51.297019378613214
335,54.904521809245544
336,54.16068029794502
337,32.47129803394722
338,32.77898565489858
339,45.357570845123774
340,63.89075731269628
341,67.59355478452643
342,65.77764391954334
343,56.082155231833966
344,32.10213300855815
345,31.452837518201676
346,41.03746256961172
347,37.06129480534486
348,37.58278625729818
349,27.703836336076733
350,40.30026660205931
351,31.917049605086092
352,58.58064052451647
353,29.85331618432265
354,32.813374680121164
355,32.46737069568114
356,28.566535217377393
357,31.3459479575977
358,29.647966221033514
359,61.53768982584481
360,28.36774798942602
361,26.34263092341063
362,32.898253924027244
363,63.242671022954376
364,46.82597483398399
365,48.87285766037321
366,46.875969568976956
367,33.9575004941501
368,65.50718055061574
369,42.761382021166
370,37.86534248974923
371,31.45903637043967
372,32.53813312729421
373,64.38762037140312
374,50.171780633331004
375,36.03813581889712
376,29.783744442355953
377,55.70779504986691
378,42.77861738848071
379,66.11676738051423
380,33.78425029529919
381,29.952098500944444
382,55.628004472113986
383,67.98064783624146
384,48.53017688077947
385,59.7358057463488
386,29.305363190813978
387,30.558412016677245
388,55.01606190066855
389,32.17503699361361
390,59.193456338068536
391,59.341023200790765
392,54.673567291901605
393,39.26797879337275
394,60.165198734310216
395,60.52995826860322
396,32.717747938477274
397,30.3581199212207
398,72.11978441871315
399,31.228688438920628
400,51.10909993453329
401,56.16237905156481
402,28.5318165572707
403,60.15060491956108
404,59.23477926081718
405,51.2738358642263
406,30.422262597016022
407,60.82396950174494
408,47.99016058127465
409,33.04329294786948
410,33.91039453059351
411,39.5729149797979
412,32.88866200994407
413,31.868193242502862
414,51.63572643839031
415,41.221581850245016
416,43.19152122989624
417,36.457237540542096
418,32.210598223771754
419,49.04016166433671
420,27.798103675078806
421,38.3148740141763
422,31.479717512603152
423,54.54261416594159
424,28.101137489169055
425,48.63438826866226
426,31.34498300636455
427,33.29080336282721
428,50.69956973769264
429,32.10894562272135
430,52.08079696325131
431,30.446199014808556
432,57.87397915980821
433,64.27932791112418
434,62.65225026417504
435,50.5551694139145
436,27.684582829011447
437,60.13755603267427
438,40.07121279496163
439,43.915766764476366
440,62.65672698992165
441,31.689684633983973
442,66.30166895949301
443,54.75740126575355
444,61.46230299116804
445,63.13644437911468
446,58.0752068784618
447,37.069383934094134
448,55.43523682606437
449,70.44456154517655
450,62.05150974999837
451,63.898740313234555
452,30.002580876080827
453,52.79403405130205
454,56.80420769710268
455,33.41395581959304
456,40.14342932380492
457,52.454521303398195
458,34.05083935954504
459,51.11213309965699
460,33.17025207533189
461,35.755978209331964
462,30.146125259899286
463,45.00336476107927
464,29.497626855224993
465,38.25072519662102
466,31.656393326112052
467,61.75604941082999
468,38.543595318481465
469,75.36984108615215
470,53.71375609673453
471,64.21877527838924
472,36.328396581416925
473,33.80618236433991
474,30.44068784790734
475,60.47802947054179
476,31.331277594171482
477,63.59345539606282
478,29.978902801947186
479,52.99743424110373
480,50.708823556522795
481,38.045617474731145
482,65.31579323709722
483,35.973977765915976
484,33.56080361111341
485,40.97354818140877
486,62.94764509440167
487,33.93369105448964
488,62.926940909309316
489,28.4052527617852
490,61.85596111386032
491,34.87309061965004
492,66.89870028052324
493,30.777919635411088
494,56.97128926513561
495,34.25043918440181
496,73.25367829145401
497,57.84672271143714
498,46.21592797154236
499,28.44404953235547
500,44.25147059811064
501,38.16875849868529
502,60.91799039113171
503,28.919703704952383
504,32.33327336419068
505,44.71990076635508
506,44.71946253944975
507,64.31722082174
508,28.529863418445892
509,65.96155452286455
510,45.63049143963973
511,44.52967458894207
512,29.03476066250333
513,75.37061196964115
514,61.37698269226802
515,35.734393504624705
516,36.141220507230734
517,34.83152135895928
518,38.55517070776144
519,41.02423840512499
520,56.35831265670859
521,63.30660824817409
522,60.790704295984995
523,29.372106478689297
524,44.8759002981097
525,57.75844690673716
526,46.85364518017159
527,52.599265496940845
528,24.49841402942505
529,37.31151091110054
530,32.17160650365142
531,27.058719173530143
532,44.22911693484146
533,49.340694886723675
534,55.914209146219235
535,33.57162688843363
536,50.218602927968035
537,64.23392761887058
538,61.78347297197423
539,66.0010189565078
540,59.44094570690291
541,32.10433144408663
542,64.81759700338922
543,46.4168656508958
544,56.91401163613125
545,71.87781122193357
546,63.03865668529028
547,42.60526228928527
548,52.27160545385579
549,49.476510697793174
550,34.1722182763388
551,36.54490499435242
552,51.481675697413216
553,31.140691420274145
554,60.11635719850685
555,47.41418620859871
556,44.19483419593696
557,36.75529151584961
558,65.09229920145604
559,39.065847335065556
560,35.08748339632804
561,58.19370373046819
562,65.88398098257272
563,58.78005852247074
564,29.147434194334693
565,63.395861203967826
566,40.76176438922623
567,43.335147495342426
568,52.39444421592695
569,33.88592149416747
570,68.70857516374174
571,32.398802228219715
572,60.78248947188763
573,46.42190250758666
574,34.3076685090908
575,33.56618036194586
576,43.18381727318567
577,28.791322596589538
578,50.50651124045138
579,30.550919677670613
580,29.73485938904026
581,30.840981114216746
582,62.13729116538534
583,44.12587581768083
584,38.61909218909784
585,29.44195937004809
586,69.07895868448158
587,29.436947947387544
588,37.75316313588333
589,31.984641555388563
590,53.49339780723717
591,38.18991188335851
592,67.92639161024644
593,57.4490259953058
594,57.172303129167894
595,29.825644679461746
596,65.06634035387754
597,33.269811957514094
598,48.95322705185109
599,50.867189949671534
600,35.61314061960038
601,57.3958808796163
602,49.91774865416093
603,61.4209173617834
604,58.554416705664096
605,38.57034388073053
606,35.763015742924225
607,60.29965605148179
608,34.112800056220316
609,29.827664009328295
610,55.40684065550663
611,39.89579106626322
612,34.62593644271878
613,47.273327117265076
614,34.725659612661204
615,36.231195322392324
616,32.428572597311735
617,28.997025065350357
618,42.61587011955295
619,31.01915985797136
620,36.797759495271784
621,49.79288462350959
622,53.33455063590307
623,56.036387803634966
624,29.03230231069061
625,62.753536452628865
626,51.38423148587361
627,56.95878189283665
628,65.56152815371213
629,34.201708870926026
630,31.5948325107883
631,36.07876678393178
632,65.5274433244063
633,33.280621551496615
634,32.135216043106496
635,37.474288237745746
636,42.468872767810694
637,58.54644175089961
638,30.777109028516648
639,61.51966206785396
640,64.11533479094629
641,32.14671799388732
642,33.72939650762818
643,61.721902498023866
644,52.71550055222585
645,30.768445314653853
646,64.51016868695518
647,55.25241389163405
648,49.35558712058379
649,75.50086619235188
650,33.45583117031201
651,31.25536752161478
652,24.95172291627081
653,31.141826538421867
654,34.537345327770616
655,40.24163400529558
656,29.642015566879586
657,66.27280182718302
658,31.02973576124944
659,39.258020307607666
660,35.080267568370815
661,26.803034201095365
662,30.39703924786057
663,31.926108014621086
664,48.36686256357757
665,59.42287484343939
666,29.868103097608056
667,37.9197521829127
668,46.504474710615455
669,32.76585140275246
670,31.874316063858984
671,32.91592565416739
672,29.01013767893577
673,31.49363769519271
674,30.95462998554769
675,62.933180917445185
676,51.229691190512156
677,31.341208249137615
678,32.58120272148231
679,62.22911479129658
680,64.06250343199194
681,36.284227897043365
682,34.514819949452274
683,43.060841882818835
684,29.846355782529507
685,45.443200201522906
686,63.81990722370725
687,35.826986999201196
688,67.56609893207171
689,55.412675258608566
690,34.895979395671105
691,61.48188492886512
692,66.58935370766434
693,44.94322741345687
694,26.976135480094342
695,63.05180572348291
696,49.798085348727184
697,59.56072901280787
698,63.00536971912468
699,44.89116920618344
700,50.31160943078659
701,35.94794077086384
702,29.75903160572303
703,32.481938229841475
704,31.834063750637384
705,29.071496537933292
706,38.75747970836869
707,60.31741425348024
708,48.344904870784376
709,38.41370217054882
710,54.58660261997694
711,56.49616937873011
712,36.93387916890039
713,65.38673727306924
714,65.31703805273199
715,25.431719071033577
716,28.568150880697665
717,56.548246009799456
718,35.5522874145201
719,41.38935033294226
720,56.22836622842627
721,59.92675225809558
722,30.778729326580226
723,31.781459547677166
724,54.38039098353696
725,32.854841104277945
726,30.83926976268139
727,45.16286379456197
728,60.91161371295907
729,30.093565309009676
730,41.267178914335304
731,47.372993701630605
732,34.06887114877187
733,38.40603498741481
734,43.68339801216299
735,27.83504959870414
736,53.11693486341968
737,42.87080690472978
738,38.310112790415864
739,30.67512594513915
740,30.086481426906104
741,61.5309010796506
742,45.21569599667512
743,45.7564398419496
744,29.567204860972346
745,51.04997136650382
746,66.88083777402154
747,54.674506057649005
748,33.214302060271926
749,39.23752537979039
750,59.66153510092689
751,45.790896412284866
752,70.06367100273357
753,49.94396872319271
754,44.057962568185545
755,48.82800033827452
756,29.04027155374218
757,61.790524575628716
758,61.470974198627715
759,52.51996530962849
760,32.805572277883726
761,37.00047689964062
762,38.991488723738456
763,38.27662788171263
764,65.3515307159632
765,58.4657236040487
766,28.659691439660058
767,70.55164869204741
768,29.51924165100756
769,43.57195927552556
770,33.13454588359092
771,64.32992495387587
772,55.0727075123763
773,28.1026399269471
774,31.334126806573586
775,40.6823233562115
776,36.781963696244446
777,31.495480820176304
778,35.34207463571876
779,32.16789502681864
780,44.68942246378759
781,46.464834232315546
782,67.32766072288686
783,63.16618836924772
784,37.21318636717325
785,29.75071277334262
786,51.9892482818727
787,61.58207489477624
788,58.56628340845923
789,38.183953630659865
790,62.36448133906953
791,31.09258380597653
792,33.34598424778896
793,33.72572947988289
794,65.69639240593841
795,33.69227451956908
796,40.61977360279498
797,33.49297713196173
798,69.03022429193072
799,56.182975159112516
800,62.46061344072952
801,41.06693467980302
802,29.791091572090465
803,51.138781766541115
804,58.11890838870127
805,59.49559875192759
806,61.96497595510969
807,52.95230372616241
808,64.03325333334978
809,46.50563969218655
810,71.9983036999056
811,49.232562129192196
812,31.50571395195381
813,66.1577100191675
814,43.56810527343883
815,63.08155240084983
816,27.697278103736714
817,49.64566259271965
818,62.61384465517239
819,31.866751907806474
820,34.3521895423258
821,49.68382946682191
822,38.751529328836114
823,54.302785522880114
824,67.58286617649613
825,75.42827050122952
826,41.060261910367686
827,32.800524266342045
828,28.36524519937047
829,34.58213099372708
830,30.943876539398246
831,57.86812451212966
832,41.72807214679534
833,49.00739161358658
834,32.06334503637133
835,54.327796150739786
836,27.62443856714254
837,35.443136560598816
838,31.726766509349083
839,52.19617314755607
840,60.13672520758006
841,64.15191071250695
842,54.33297954047127
843,48.31060323467278
844,74.56882720329288
845,43.107638978187715
846,39.800173599052336
847,30.66893748303258
848,59.59260284803417
849,36.319939296294194
850,35.64912908674353
851,52.821766556224176
852,42.98918787918653
853,29.436981689541305
854,34.90409451672338
855,29.254317431977668
856,50.57984830852355
857,27.3640871297184
858,33.09516690052578
859,58.06293527676111
860,32.51728613677823
861,45.48447999913928
862,41.81274762344928
863,31.56437150476976
864,29.337530944827556
865,43.536650052464196
866,62.74668517634462
867,28.716273504926903
868,30.367425218344792
869,63.1575611864377
870,29.827191130970604
871,29.373080600968052
872,44.77011473378241
873,45.395793201483755
874,28.772260473816587
875,64.25734943109498
876,32.898918511511546
877,34.40997452343386
878,33.82810409022747
879,32.20544830531054
880,29.04661464193005
881,30.42636270629078
882,63.754721813624506
883,32.718950477911385
884,40.33364786820797
885,29.2072267261197
886,48.94882417185508
887,56.43788324930627
888,62.42711520486293
889,58.376839337981046
890,31.890408113237157
891,32.71608322747564
892,68.39210418721703
893,32.00062143193041
894,35.15267607743145
895,26.75727908858937
896,35.79615581024727
897,45.17952305622511
898,48.5215255403172
899,59.64533341462861
900,31.79248721358222
901,69.05166408056749
902,64.45314852973605
903,67.3079955484531
904,56.09823515100615
905,65.20648906631453
906,42.95754932810905
907,67.41545610462933
908,53.44350274401774
909,52.57043551378632
910,39.547677621175865
911,67.1404885102515
912,72.92464887883362
913,53.657142630377834
914,30.44429948313968
915,45.219734486139465
916,51.579878739172784
917,45.98376263972784
918,29.173289679005002
919,35.63671301767185
920,27.61990673961646
921,33.476577811069895
922,43.557072241353936
923,39.46020931772232
924,58.68922406602037
925,73.7202195748462
926,54.34520402249369
927,36.50605327251378
928,45.34957827758218
929,31.97710108789581
930,35.35512991233199
931,32.777617214159086
932,29.527956608171095
933,45.27197765679072
934,34.0611775199437
935,49.66878562794706
936,61.11655722686629
937,27.23791597918232
938,57.387394815283905
939,50.874064901134105
940,54.186220362510724
941,36.91632160055955
942,37.88678033286654
943,59.429701531019674
944,31.73860892630507
945,68.75530324753154
946,37.30190972668801
947,54.41049816755039
948,38.220049566594696
949,33.553962237041596
950,30.71717386696978
951,44.11106922701302
952,47.84734239991295
953,52.77475088645138
954,37.389067655738614
955,72.46102435168116
956,63.348428200681795
957,49.84407309188019
958,40.145003875032565
959,33.00335890734061
960,35.92693521585902
961,38.21471529020937
962,28.341497563105314
963,65.34201014007215
964,46.87994755732551
965,38.139263125647645
966,32.48703737212083
967,59.19722283167247
968,30.96323814024303
969,28.108982135712075
970,55.50741939909972
971,32.69607837305658
972,30.19752409680347
973,48.164555879671205
974,36.58256880011691
975,31.90104688068037
976,59.818814239208436
977,63.507776163617315
978,56.27803241065651
979,33.34822793292136
980,52.48274365586308
981,29.87960536552587
982,65.04582043304222
983,32.159732104594035
984,46.14415700750901
985,44.14569708854067
986,30.552712032807065
987,66.72131045013738
988,28.56153695707549
989,65.32005271653259
990,30.49135813497186
991,50.31205128298623
992,34.277183245215525
993,30.71418663205975
994,59.50489000606037
995,25.900569515753325
996,44.45574915360908
997,29.778038059964032
998,66.01882231468139
999,32.48291173418592
1000,32.206337795322234
1001,59.342248478755636
1002,29.407040228681296
1003,51.614221269851384
1004,55.42853586097061
1005,27.72501367612334
1006,69.8996220495219
1007,34.753089922599585
1008,56.24437148842324
1009,30.556989522632534
1010,78.74047647961572
1011,32.0436693340483
1012,29.920608963781334
1013,66.90390278703987
1014,38.76975629035161
1015,66.93868075971727
1016,34.357360563723375
1017,40.60589340732021
1018,29.276201582127612
1019,58.705306042277364
1020,29.649708958289402
1021,38.2557419032201
1022,37.51129932974092
1023,56.58090531728065
1024,63.45717902264277
1025,29.91927353371966
1026,36.090482492318955
1027,33.546529776809294
1028,26.817045903587783
1029,30.766006064153537
1030,53.235299577277914
1031,31.16844176499361
1032,37.71417670297612
1033,33.61840967778336
1034,33.62608952119537
1035,62.75833253203058
1036,59.86291412530473
1037,59.49158166290809
1038,48.57877394463935
1039,60.882056504204854
1040,48.079048815414964
1041,28.892276309882774
1042,63.81882862572268
1043,62.077562098766755
1044,26.702387451417557
1045,56.0964219980889
1046,38.02230573881125
1047,34.500960152145026
1048,46.21361432038705
1049,29.983683665245138
1050,31.35856597072077
1051,59.91957854632454
1052,37.04228676805682
1053,48.72514216940414
1054,59.129215429301745
1055,37.681167623054456
1056,29.42215049313416
1057,29.763327329119527
1058,51.57242165562419
1059,30.59898402688019
1060,52.17274247045445
1061,52.54359604849816
1062,70.57363164224725
1063,51.475754022405496
1064,34.28684670529205
1065,54.98802078207975
1066,46.92881516711989
1067,39.35410442161523
1068,33.46625694850029
1069,34.813292027790155
1070,49.15199251504568
1071,27.907995200730788
1072,41.83001390873335
1073,32.385087855503826
1074,54.34565250992602
1075,33.84870794758865
1076,64.38679848199301
1077,37.77797718270736
1078,52.313196378874586
1079,45.894434008680804
1080,31.852282246571143
1081,30.477543519366407
1082,32.1319528815211
1083,59.83242083658696
1084,53.937921775593594
1085,30.266162441626406
1086,32.55961854779972
1087,55.34542479690437
1088,31.97760309070876
1089,41.21641957687203
1090,32.49730324609038
1091,67.02426903273762
1092,55.63899330567674
1093,30.410971019845242
1094,34.339622449102635
1095,60.62431776034642
1096,35.46134734734036
1097,61.361857040613145
1098,57.01969818208355
1099,67.40379698738549
1100,28.172378847178244
1101,27.101511347581024
1102,51.63857165565159
1103,29.558289050361758
1104,52.55467700569566
1105,35.340886182571786
1106,56.1071127288122
1107,55.42372203337922
1108,26.740577995822754
1109,52.886975007717126
1110,43.0310402859312
1111,38.343909899521464
1112,48.110797897387386
1113,32.10059484910259
1114,57.38151233914773
1115,51.57163363386743
1116,45.15256661159813
1117,36.288508324359576
1118,63.95805554623617
1119,33.93165864629255
1120,37.45152970168336
1121,33.755207885265285
1122,31.480341296291954
1123,32.3700394544806
1124,55.98754997931968
1125,30.0726732162289
1126,56.52517127047681
1127,51.747623316866694
1128,37.405544041996095
1129,36.87530512724703
1130,61.89950928309035
1131,68.9817388898281
1132,33.69218253718901
1133,34.58533101311007
1134,54.937816944517806
1135,42.62935914779122
1136,40.526960187660755
1137,41.42277669269025
1138,50.799019731882424
1139,36.50815302208726
1140,40.7659701375569
1141,49.80558897792281
1142,69.42818442458479
1143,30.113797814362137
1144,57.32553208699139
1145,66.3873026520275
1146,30.84861188281294
1147,44.55714023260754
1148,32.11529650274035
1149,70.43778564826304
1150,28.206801767694778
1151,35.328871990518294
1152,29.79520612528006
1153,53.75009522880405
1154,34.02635146632482
1155,31.111281143608203
1156,33.75650446313253
1157,63.69611798774399
1158,62.81707636699604
1159,58.49903235543848
1160,30.99701579392579
1161,54.918144442171425
1162,58.598051678222255
1163,31.334157304249523
1164,62.623406052252186
1165,63.03764198298911
1166,67.60636488912493
1167,57.56836160239254
1168,36.45732972517325
1169,47.80918229890871
1170,28.260355723715634
1171,60.205868140180414
1172,28.642201957328915
1173,52.34407031808038
1174,55.11381142167177
1175,50.28809982065281
1176,57.483032205675656
1177,57.76259138423661
1178,36.66067195668932
1179,30.279496716169007
1180,34.95303417468951
1181,63.57719139716795
1182,38.30521182459863
1183,32.351562683865666
1184,36.651093185669694
1185,37.85229533616642
1186,57.46000925015515
1187,49.99020072245936
1188,29.697483804423463
1189,28.376644633442908
1190,28.773181456964394
1191,44.18026201134213
1192,40.206868748710086
1193,33.60433220033369
1194,43.930629751472594
1195,36.901660196476
1196,31.125307449174777
1197,62.36123655526835
1198,33.07176659433917
1199,48.41761337501839
1200,55.13246308064668
1201,36.62167754090149
1202,65.96298398217841
1203,56.23167253014596
1204,61.91037340412014
1205,29.958355312926855
1206,32.6428603335653
1207,48.58734562505681
1208,40.28420121907864
1209,56.37828820438306
1210,56.3752220255688
1211,46.55625407724122
1212,64.4623064486005
1213,43.716591030659856
1214,64.71038699748122
1215,56.5457599590561
1216,26.71736739800886
1217,50.485771206634354
1218,34.14416362203747
1219,53.34457471789834
1220,44.801919457191445
1221,33.083600645231336
1222,35.50524252886971
1223,37.86143134787689
1224,34.036899415131685
1225,53.03697512204649
1226,71.31533427016099
1227,53.88370388142445
1228,44.76635424787541
1229,83.9426706936162
1230,43.13007830338049
1231,30.08576173614538
1232,44.69161636479497
1233,57.087066157026435
1234,65.65733199572584
1235,39.936858377442476
1236,65.94768789345503
1237,48.85796749773755
1238,43.97554295064842
1239,33.509362881547595
1240,33.24549722068267
1241,57.164671429191564
1242,32.74784519521041
1243,35.4850631070054
1244,48.285732409668064
1245,50.460207716984016
1246,64.09073737457814
1247,44.15047700454081
1248,68.5292474057945
1249,32.31266832522403
1250,42.60852821201452
1251,32.48236012000698
1252,30.007837929390774
1253,29.780638937880717
1254,69.36282189387393
1255,54.34219610906303
1256,47.11552015913949
1257,58.352043910782385
1258,61.08317683989404
1259,60.662084061111585
1260,60.859056340469714
1261,32.60366750873805
1262,30.828878771709988
1263,68.27981832326513
1264,31.2897444766651
1265,55.17399282919702
1266,31.72279328019073
1267,55.820598790096
1268,28.40896175539236
1269,63.63529435467547
1270,45.5542124087991
1271,36.148653186571366
1272,37.429457421231774
1273,38.159272101364095
1274,63.97583531123316
1275,56.66414894694346
1276,60.578693877035334
1277,30.835506181486508
1278,49.01674214814535
1279,28.866747324906598
1280,75.1024676465333
1281,50.0499286689791
1282,52.97863642043502
1283,35.24061576880993
1284,58.748382839654155
1285,61.13279072563379
1286,43.24697090413055
1287,37.53922247829007
1288,47.45919611458491
1289,57.20131141399516
1290,31.59854854120382
1291,76.76120752396565
1292,46.30991303992374
1293,34.54799336649788
1294,44.30782475210259
1295,58.3535259176577
1296,31.07836616766607
1297,31.488114690117634
1298,36.5592810834624
1299,45.113785710768454
1300,47.51376717557153
1301,62.025465291083464
1302,62.8985059388922
1303,54.198865258395536
1304,57.54600575692987
1305,44.86512273971549
1306,60.24220955982335
1307,30.767518594999174
1308,47.56120718496656
1309,33.76501239325928
1310,47.74917874908738
1311,54.47814119047328
1312,60.56821679866238
1313,34.22033497691653
1314,30.126628151188854
1315,30.11432086874418
1316,28.843365857026164
1317,50.94261689980999
1318,30.843456563157048
1319,35.639607808793166
1320,39.78008667366207
1321,33.504443132956425
1322,67.08800413854021
1323,66.38136181145376
1324,38.05123661039533
1325,53.65853571645012
1326,41.10193978993675
1327,28.64860281743031
1328,66.72056377576197
1329,37.65240081787215
1330,61.096412708907856
1331,49.43774224914804
1332,26.34370619335744
1333,42.88113057208161
1334,66.9101600062056
1335,66.06750101662931
1336,59.97257728925984
1337,29.95928115653969
1338,46.2691427422086
1339,50.693964632975906
1340,28.962124379101923
1341,33.711066442495365
1342,31.04274413468346
1343,28.922388199189356
1344,28.801946416663554
1345,31.627012008966823
1346,49.26903104868571
1347,29.50329296287093
1348,56.83939837582144
1349,56.749096602590186
1350,34.42979717964354
1351,52.519046349283194
1352,31.1831002834033
1353,61.99401808972623
1354,64.21199127546986
1355,42.55350430385955
1356,68.53437005506807
1357,31.846113022726215
1358,29.43903939475338
1359,37.522313599789946
1360,45.601235557608845
1361,59.83105258353597
1362,36.72031784633435
1363,33.90691675725685
1364,29.077051527139893
1365,33.57686652333733
1366,42.08354609403703
1367,34.60405748802868
1368,52.15955338562371
1369,43.86751633448611
1370,35.893697716997906
1371,30.384702002675603
1372,32.99457442095958
1373,67.52021111864214
1374,31.038514495618614
1375,28.901155499878044
1376,71.2887199021262
1377,33.19699828183801
1378,58.91383493449246
1379,28.90838266237126
1380,32.40435728801075
1381,32.860665137093655
1382,32.49312509855141
1383,31.061987518661653
1384,57.41766738205178
1385,63.85853489625676
1386,61.113289930212325
1387,37.59551224252506
1388,29.187639225109173
1389,36.257045916987146
1390,69.15638374950736
1391,35.78084661299535
1392,64.31319975189932
1393,53.44061219865003
1394,36.95102441746498
1395,52.96587428087418
1396,35.0730570458521
1397,29.851093061580684
1398,49.55969005942278
1399,43.51014675786357
1400,27.594909421963486
1401,46.3148604646544
1402,30.360179994324135
1403,28.044107784755482
1404,44.87294233544699
1405,70.1383181629128
1406,34.09336852061493
1407,33.88733980414591
1408,39.4258201615062
1409,50.09432562405803
1410,31.263487576016864
1411,35.07639661181208
1412,60.33654881065426
1413,41.68686199093679
1414,52.584425253290384
1415,68.17633583357778
1416,64.50956783326579
1417,30.585473223019896
1418,54.30863938951583
1419,65.23161171652383
1420,56.23641556058577
1421,64.30084291747949
1422,65.91425390704302
1423,38.58056283908461
1424,42.7771170726932
1425,32.15939505326173
1426,36.074636831507505
1427,54.611818886769356
1428,55.85490537628944
1429,36.66293621850903
1430,67.92477204814342
1431,29.77196588138034
1432,27.79076541852166
1433,59.753438666737914
1434,51.97668807307143
1435,50.483692806167035
1436,32.64421352852098
1437,29.242201402255276
1438,68.17917861677212
1439,63.1719927845231
1440,62.400022518079844
1441,31.962037605500953
1442,41.6675680400331
1443,27.82041742075441
1444,37.051993292053744
1445,33.34048695926971
1446,31.778147666607957
1447,67.97413392099834
1448,59.8036885015717
1449,45.35513886118345
1450,49.748793230928214
1451,35.90616465501925
1452,33.64169999201095
1453,62.42320389848773
1454,41.96039812124091
1455,58.83215885112487
1456,59.14175839440672
1457,68.17865380945493
1458,39.0457323841359
1459,59.486698074647805
1460,34.43654479222161
1461,54.339474520045954
1462,58.234649231711096
1463,31.160095759417885
1464,43.60126513861813
1465,50.39196458743503
1466,39.31690764991445
1467,31.893780339184545
1468,40.91650074949199
1469,34.18914992590512
1470,40.72267426003056
1471,35.55808557257848
1472,28.87752928022971
1473,60.17158771590095
1474,34.84770975959862
1475,44.49813708512353
1476,49.41793346332262
1477,41.127709175700986
1478,60.97409330413525
1479,44.710485893130226
1480,37.870651494141505
1481,43.82741614195788
1482,29.021758193579757
1483,43.46443483078315
1484,37.0996615684065
1485,45.458277577190906
1486,57.91029745964221
1487,30.586920721737805
1488,29.704169556948408
1489,31.338052972276813
1490,29.611264229071118
1491,43.4583442518195
1492,43.74809890345884
1493,65.82004239911954
1494,49.69790254052023
1495,52.4518970816312
1496,57.93079411896792
1497,28.22725438741618
1498,53.6144845597959
1499,53.80749343517539
1500,64.90695026128617
1501,47.32872381546558
1502,56.752894959302594
1503,36.78230525424673
1504,60.45311429094359
1505,29.45225529484636
1506,64.804062419035
1507,32.020479589180496
1508,36.490928807808814
1509,37.415489356524645
1510,47.0636303268743
1511,66.76213528839027
1512,57.04045310685203
1513,32.532911456398686
1514,32.808334792927056
1515,58.32660092592873
1516,64.95842051117614
1517,33.44389038432276
1518,68.17553784333658
1519,33.72722111666398
1520,37.44013071750154
1521,46.386004008941896
1522,54.324088563311896
1523,33.9833869934055
1524,32.83553267655834
1525,29.9521852238181
1526,41.72410162319812
1527,29.98467023449431
1528,28.971186695660982
1529,29.365761123422807
1530,65.95054596325996
1531,56.55969600716001
1532,58.095578067906885
1533,38.749596436605316
1534,58.950175583433165
1535,45.267261559807636
1536,48.19768636373034
1537,36.768214025916365
1538,30.54660436458881
1539,45.63843186230344
1540,63.719340367937775
1541,45.670187271536584
1542,66.40148411572264
1543,62.09450310116026
1544,48.03132130836184
1545,42.18841307960391
1546,42.06545471404708
1547,63.48453286916585
1548,59.541341723797935
1549,37.31870674846343
1550,26.40744862304785
1551,27.026540248600284
1552,49.069424974501764
1553,54.34808774970961
1554,60.33277611720404
1555,32.48094415246579
1556,33.71460688744098
1557,30.789972802279088
1558,62.38065050085672
1559,55.88344269308493
1560,57.324485803059815
1561,41.5211979752378
1562,61.4208822506658
1563,37.08248103228786
1564,61.921048908610565
1565,30.04092138377834
1566,30.29349581234697
1567,57.43525061850655
1568,37.90457235678171
1569,31.161329307397352
1570,30.237633523925233
1571,33.20855870670369
1572,44.28587004068764
1573,34.15358238053547
1574,60.267844571533566
1575,60.882092508599435
1576,59.13847514536934
1577,31.805240348641135
1578,58.71784698397679
1579,46.08500090326974
1580,64.88509575935032
1581,33.52685537332998
1582,51.273192828904016
1583,48.11317938299389
1584,47.36262157667798
1585,70.85500535645208
1586,32.326884392027104
1587,31.034538995303365
1588,33.54928420613104
1589,39.1515661436299
1590,58.03994956157828
1591,39.49457548301511
1592,27.814383044889993
1593,62.96731243874904
1594,58.18442885443537
1595,45.368080977200556
1596,34.69636116530296
1597,52.079036588194946
1598,50.20219145660823
1599,29.648256355450258
1600,30.26250177994553
1601,65.02530847120461
1602,26.27847080522423
1603,54.234383742255254
1604,43.22574878290087
1605,35.130424515618344
1606,51.544603185830866
1607,62.07095066100003
1608,48.82220174621091
1609,37.6430149364775
1610,55.3853555346159
1611,37.16223310291668
1612,36.01859773493558
1613,29.44992137145728
1614,39.93243832849521
1615,65.61354381583892
1616,34.308923589517335
1617,54.08340020303505
1618,52.80598568841826
1619,33.97601658329236
1620,29.887540367771955
1621,48.46673109242916
1622,56.96335155141639
1623,54.02975564360074
1624,60.20735870969013
1625,65.13158555721667
1626,36.94651830236472
1627,44.395001270528255
1628,29.824577123664838
1629,27.261846956806927
1630,38.05369424058792
1631,58.247806718570736
1632,66.37600005429675
1633,35.44065619056131
1634,46.500122392684716
1635,36.06076994279667
1636,34.29567364096235
1637,42.997362573433364
1638,37.6982898890582
1639,32.50669877904974
1640,46.25684356534331
1641,40.33145388495916
1642,43.08884468718033
1643,54.255805353060445
1644,38.30339436394459
1645,52.99478235694353
1646,56.19547362417093
1647,68.83530324584467
1648,27.625929912288008
1649,58.53427598818976
1650,30.918563765200417
1651,36.26813664990742
1652,43.125282583674164
1653,64.15446332644974
1654,33.57669458888344
1655,54.64817776137798
1656,43.15310105792016
1657,56.74748053720982
1658,63.63272872404406
1659,51.198199768589035
1660,49.69619472825302
1661,32.4559575727979
1662,59.855565189480636
1663,31.772978439255297
1664,73.80339154278815
1665,31.982091611533605
1666,48.50026644728218
1667,49.23144687079258
1668,56.31364806222073
1669,33.974451405911594
1670,38.351222492100575
1671,47.11719951780984
1672,64.67947721935958
1673,36.278334909976266
1674,46.43274356818455
1675,75.7264546167347
1676,64.73634873687688
1677,55.60940620247978
1678,58.032369476917985
1679,30.949961034356747
1680,32.93361712235478
1681,60.354491892586324
1682,53.95138595349923
1683,61.729136984824095
1684,60.07004219277497
1685,33.57330872620819
1686,50.02717243465062
1687,29.90923110187333
1688,66.64619598160948
1689,51.53203888592721
1690,47.87420126019141
1691,67.68238805221313
1692,42.92073443450926
1693,39.320436566608095
1694,60.87720833529074
1695,33.46572858306567
1696,47.950527772112196
1697,32.12023289961801
1698,64.12389566252176
1699,56.677350554462635
1700,30.898056291312294
1701,52.715469597707695
1702,26.653795383855154
1703,33.10890358529486
1704,29.686975145652923
1705,35.07643893009876
1706,64.08944107435137
1707,58.921719573802946
1708,28.573259862688218
1709,62.824574387333804
1710,54.840225964406336
1711,64.3551777783428
1712,37.62177304881571
1713,31.103974086954622
1714,52.40950502983431
1715,38.99639874808679
1716,48.96139895275661
1717,33.05945627398042
1718,54.321792708254684
1719,32.722056934650574
1720,46.07726350212081
1721,29.268292969599308
1722,32.59228989336098
1723,36.23136069391784
1724,36.185533220124725
1725,70.15325387207105
1726,63.72744853008
1727,35.73745772509024
1728,52.45771015085455
1729,69.6855615333739
1730,47.228801764285265
1731,30.011273337941596
1732,35.41985015588302
1733,64.68596347134267
1734,37.370037042842505
1735,40.99196380451865
1736,31.155520987863994
1737,51.7729441618386
1738,28.39908867738145
1739,46.678019292706274
1740,37.29216340446457
1741,38.338824114768784
1742,31.69161353944729
1743,31.818592337582203
1744,74.428934329422
1745,54.95442947066507
1746,45.20906302317189
1747,63.72533728087775
1748,69.48991305488653
1749,28.83532313192145
1750,47.80900523911469
1751,35.357786165783075
1752,35.046927726230315
1753,55.59243088572515
1754,65.32357962364884
1755,64.74619956400554
1756,47.20897467712665
1757,28.01513708908726
1758,30.134409605401643
1759,70.78636013140782
1760,33.79657810269373
1761,30.781387004479605
1762,51.525300191985444
1763,55.53329852305714
1764,44.41744774438481
1765,31.840296523014118
1766,59.05439902752177
1767,32.6617024276538
1768,64.35012766940314
1769,59.003870872854975
1770,58.60256629545936
1771,35.20048604081006
1772,66.69999008347025
1773,34.778046640478436
1774,27.20598593844325
1775,34.50654407773498
1776,29.586157875391322
1777,30.788370331753505
1778,31.48763396351105
1779,47.00531960174561
1780,34.911997358347264
1781,34.36841854186767
1782,57.307620214001425
1783,29.84456282556102
1784,60.29880622600268
1785,55.9831983973675
1786,34.327113484189546
1787,48.94993092285716
1788,61.81469238866889
1789,32.31059416149304
1790,38.25488432902767
1791,47.950116349176994
1792,36.67465271512479
1793,32.753569133957356
1794,53.64729043594683
1795,54.682326043873935
1796,65.86873447492138
1797,32.488272924822795
1798,64.42376673319897
1799,30.52058238246842
1800,28.77259394791993
1801,45.32477144103963
1802,50.95407866382695
1803,35.489216721940515
1804,30.919219409864738
1805,58.117183415694896
1806,29.02451081902278
1807,29.39305367068956
1808,46.2975320085216
1809,72.83338531762483
1810,50.05034198379124
1811,27.768285576077304
1812,51.625998586915486
1813,51.9965215793876
1814,38.497059207102836
1815,27.098867760692208
1816,55.40995043627159
1817,39.94399752998548
1818,32.92038292887723
1819,31.939573434174704
1820,61.40359700244422
1821,55.75660305221364
1822,60.3945329992615
1823,38.777951542571074
1824,29.197031024844613
1825,32.44879136152414
1826,32.32680776435874
1827,28.753897167256937
1828,37.63729819080713
1829,56.6319828389704
1830,29.70605248564206
1831,33.454557172048354
1832,41.09120005214025
1833,37.26599432644678
1834,61.736748607115665
1835,33.31096956790735
1836,35.56875559897641
1837,64.6164377511859
1838,53.198096516825316
1839,47.861503368466714
1840,29.431942356706763
1841,29.744394434635396
1842,38.46244952586991
1843,36.61323348644382
1844,46.515967110716176
1845,54.18906373402569
1846,30.6904669860507
1847,54.18212747322507
1848,54.9145975828252
1849,51.82661745912661
1850,34.28927712091894
1851,72.30524118172698
1852,70.09758096916981
1853,32.56839220094426
1854,54.842419171332445
1855,35.149996756715694
1856,69.2714544728975
1857,33.4072080841695
1858,44.0841449921252
1859,53.37896636771337
1860,31.479842670378027
1861,59.1623105190784
1862,50.734543986137375
1863,43.123909767878736
1864,51.38134518437602
1865,57.515918551801505
1866,62.93976287269409
1867,56.78350348318074
1868,56.23651793455271
1869,30.27801182413802
1870,63.798608509615114
1871,30.794361811206713
1872,43.50599601452727
1873,65.36652497158089
1874,31.517003213528007
1875,33.27365952852952
1876,45.30086057684585
1877,35.73859435592799
1878,36.936596495069125
1879,49.57015573411325
1880,64.36115297394217
1881,43.51887836285569
1882,29.086000712450428
1883,31.324901428569632
1884,53.170844007847265
1885,51.65329317991382
1886,40.77074882893898
1887,29.724292183352716
1888,31.920398638425567
1889,35.74720315342469
1890,59.08356614016354
1891,58.2180828637744
1892,61.647179716532904
1893,33.001197306073614
1894,53.3643332589858
1895,30.012811518286732
1896,62.68216838221104
1897,34.3258439657678
1898,30.09136004573461
1899,31.778041866004934
1900,35.26688778369555
1901,34.08738932655208
1902,41.969113551525055
1903,65.90234150811666
1904,29.06638288216967
1905,36.31219312727133
1906,33.861139136693936
1907,42.092067078724526
1908,41.760339705400035
1909,32.1934402496232
1910,56.8590709625701
1911,54.603051935994316
1912,47.227556156227564
1913,54.801245837458566
1914,30.432470365555602
1915,65.29285174651882
1916,59.17801378057108
1917,41.81024791545046
1918,34.70264174236001
1919,30.909303484817734
1920,53.511008898072916
1921,70.58031122163662
1922,57.102500166285175
1923,29.083686455944466
1924,49.14252961362208
1925,49.89488171238798
1926,63.253754074434816
1927,29.179994255246136
1928,48.58382991506268
1929,35.322727020813176
1930,39.08524703578949
1931,42.217330151516876
1932,35.65942830814096
1933,28.819060718240706
1934,29.485254880549014
1935,32.052237469887075
1936,66.91919810390644
1937,30.495036014096605
1938,52.29953237702515
1939,52.32177110137347
1940,67.89736238554487
1941,64.66010182114486
1942,33.1318074917006
1943,28.204013308922264
1944,33.34033101670491
1945,29.46278033397128
1946,31.925574588605052
1947,43.2945285615035
1948,50.02230858201227
1949,63.709626848602156
1950,31.561446298435406
1951,39.79350280708891
1952,25.7468758515367
1953,39.3417693678945
1954,60.69231844814281
1955,33.81974515458288
1956,43.17928226842001
1957,78.10209052628579
1958,28.965569945037537
1959,33.068550275050356
1960,33.06102660369999
1961,31.622118086971703
1962,59.91427548772173
1963,61.64545485545527
1964,27.71334803679735
1965,59.121950323110454
1966,28.887430290442573
1967,33.101442045062505
1968,32.70805433232303
1969,27.73869619535862
1970,35.07562046177314
1971,40.765320269002224
1972,56.04665885779485
1973,32.132728304008104
1974,51.185505094305185
1975,55.798198827945896
1976,31.65517716240948
1977,29.129323778148724
1978,50.89986595529803
1979,59.674317349671355
1980,50.934022933793045
1981,24.157025311345166
1982,57.57408605380668
1983,28.65964038579621
1984,35.56971418575334
1985,31.232767469997057
1986,45.66721212219133
1987,29.670612811618668
1988,32.564558437740196
1989,46.822795514839655
1990,45.91799674357678
1991,45.613917211440544
1992,34.86317310519654
1993,43.72208695402257
1994,48.08543617670806
1995,47.38717382869133
1996,67.15965166886389
1997,59.036630410912274
1998,29.37341358307576
1999,49.11480806690885
2000,54.10423292367184
2001,35.850508459547385
2002,56.07008225878009
2003,56.55477146478726
2004,35.09568089329828
2005,49.76536099471068
2006,68.89977068282549
2007,37.79139374895117
2008,33.977038612980266
2009,50.989258693637225
2010,29.849590876901892
2011,34.15165988167287
2012,36.37981554685611
2013,62.07864190372259
2014,48.6326038442991
2015,55.839672930159416
2016,65.56776463262571
2017,31.812583536654728
2018,61.31454961843533
2019,42.52747645293835
2020,30.33874465697543
2021,65.07889967562444
2022,61.78137602802567
2023,38.66464088831201
2024,60.96978047176797
2025,61.875762697894594
2026,30.549514978910295
2027,29.400144063514695
2028,29.53857715062294
2029,28.444368881261767
2030,43.922638841985695
2031,39.62730592692991
2032,58.574141278879196
2033,47.792469978103526
2034,51.99063995840284
2035,45.02164699098302
2036,32.98210122783277
2037,53.424099116839066
2038,34.765495791141646
2039,60.14381702673192
2040,54.92850602365933
2041,37.829835630624814
2042,61.91898944159648
2043,66.55089440381298
2044,28.9411407710731
2045,32.21268599366065
2046,69.88756938798016
2047,33.18686178941209
2048,37.43416780575345
2049,63.86485126609023
2050,34.28989347934254
2051,39.10475468168624
2052,35.35169641161998
2053,35.422284592172176
2054,64.81934447919559
2055,50.45699733894677
2056,63.68278214066358
2057,39.38312681098081
2058,30.18878425827615
2059,48.80710402062894
2060,52.177262274852446
2061,40.24345715270788
2062,67.54280980551866
2063,61.28487430469782
2064,57.085161246643466
2065,62.7068168217685
2066,53.98856020482189
2067,57.89974578181447
2068,30.412717018575613
2069,35.599988025199465
2070,76.82504864356716
2071,49.54517438153827
2072,57.65307458408227
2073,32.638883192429525
2074,59.6808229049508
2075,45.9272745486811
2076,33.69156865292558
2077,32.682720456958506
2078,64.16800814340615
2079,35.07208954924074
2080,65.91842787809006
2081,44.32922296054841
2082,30.458860744972142
2083,35.446335639307165
2084,54.70598445539371
2085,40.53716013356838
2086,66.49763849465191
2087,29.124072227009528
2088,51.33139461888492
2089,56.419376626463595
2090,52.981440218815465
2091,33.03186908099572
2092,48.62485355379378
2093,28.40905383789503
2094,29.198628097701537
2095,27.53296944106215
2096,70.77129085545837
2097,32.8536835214711
2098,30.777983780281225
2099,32.911975879847304
2100,30.8355572082312
2101,50.378078134883786
2102,32.909985435790226
2103,37.30151947427727
2104,65.22344369103587
2105,36.79560131023584
2106,56.214658987390045
2107,34.97974336254923
2108,44.64306633090628
2109,59.00416894785245
2110,36.65254840084338
2111,30.219261637360013
2112,33.495385539199965
2113,62.127418786684174
2114,53.019275483258646
2115,29.156620598664936
2116,48.61491137808867
2117,52.2442018384242
2118,65.9237159371567
2119,36.444142422617865
2120,41.14777707682798
2121,32.733838886522506
2122,30.462661542146684
2123,35.446337897921815
2124,52.59268048287967
2125,34.085854711496275
2126,31.829610016172403
2127,54.317620868296586
2128,35.555085508951
2129,61.70812576096493
2130,44.12692251480448
2131,43.092409703455225
2132,33.180610070827605
2133,59.935407321249826
2134,27.46848084791484
2135,30.914455642827015
2136,45.021019742712376
2137,50.83841726753677
2138,63.68817171659505
2139,67.05982579613361
2140,31.52187726365905
2141,33.20847797941692
2142,29.54844354863318
2143,42.13972924912801
2144,54.37563215979852
2145,35.25321539907307
2146,64.63611981176453
2147,33.07883490020915
2148,53.54312003625377
2149,57.04390843706197
2150,44.69125877008588
2151,52.81851069859864
2152,45.03747956273884
2153,68.73718433286281
2154,69.7028494607458
2155,48.375354611451414
2156,50.261146519968875
2157,49.50681414300371
2158,64.83788283973261
2159,71.49706090692182
2160,34.18917175028095
2161,33.290909799704416
2162,35.153983546502815
2163,63.91302051337717
2164,42.82037807358246
2165,42.757658663177594
2166,33.07877656141089
2167,36.35589759695486
2168,36.93614534377645
2169,33.106279078023924
2170,28.998188575562722
2171,62.82499504131554
2172,47.30407218844141
2173,32.49532667325949
2174,45.88977924575668
2175,50.69450649479501
2176,66.85940976137525
2177,50.45720300289037
2178,53.42993620415541
2179,30.21621934758803
2180,28.668466833790234
2181,48.41745215148705
2182,37.703941702301535
2183,37.21395535733771
2184,62.45911056980811
2185,36.924450148497044
2186,32.87998326890493
2187,52.27880355897583
2188,41.728222321401454
2189,28.063593801053187
2190,65.78649836977496
2191,61.30254902471906
2192,31.016481425721913
2193,61.372097027193945
2194,48.50631601846982
2195,46.51703545940069
2196,53.429145370912906
2197,37.14401166825634
2198,29.75936435003412
2199,60.41795598819042
2200,30.643951937839184
2201,31.185479220230185
2202,62.22300113953597
2203,60.15208211713635
2204,27.314701785853778
2205,38.10388330000177
2206,31.485959606430185
2207,28.43543246685219
2208,67.27123810264851
2209,34.25463471336469
2210,57.9811261793328
2211,61.51275253879314
2212,33.563002990637656
2213,33.03595622199235
2214,38.13802601546665
2215,39.40697720107256
2216,31.2457983179061
2217,55.20264600469736
2218,58.657877132616484
2219,29.064137690607105
2220,65.02035113629705
2221,35.86517152061684
2222,29.173449029005695
2223,28.136593595489707
2224,67.2287388399831
2225,35.3979040513572
2226,29.413438347471676
2227,42.96965865484037
2228,32.514106686333584
2229,26.249458018909564
2230,65.63134330139187
2231,63.656626222547565
2232,59.310566262606045
2233,29.950401802615914
2234,49.08891879461369
2235,45.903462613876314
2236,54.89261811562667
2237,47.02371399276126
2238,39.60417857923825
2239,37.83294124830935
2240,46.32652859609496
2241,54.648064406903956
2242,30.68564760032305
2243,51.72780290532737
2244,64.22360611541302
2245,58.365043662509365
2246,41.42895607699777
2247,45.93170382524479
2248,27.737874702764245
2249,63.98553679196579
2250,28.691244698809058
2251,29.60739316508183
2252,33.134718353439375
2253,31.555331102991317
2254,63.86747204995442
2255,57.27200802105651
2256,33.92072263193228
2257,31.37508931108958
2258,35.044677655170986
2259,45.424995179898936
2260,46.50333959711486
2261,43.83704015050352
2262,57.243867219108594
2263,46.416030919294414
2264,31.58639636801265
2265,57.14804605582809
2266,53.03347922302768
2267,28.72604659623542
2268,28.890402857334067
2269,35.34088403066336
2270,32.99758405916974
2271,58.53084905075047
2272,39.69485060345829
2273,28.888192020699883
2274,31.321053846163956
2275,42.2779910280861
2276,37.98683215770594
2277,33.86086766851105
2278,40.095067356748785
2279,53.781215597043605
2280,59.531701239721286
2281,40.50407028587138
2282,44.435952373134704
2283,33.941583135735385
2284,31.123720009813333
2285,37.35210224285099
2286,44.1274184538805
2287,29.729809569128975
2288,63.18895026620934
2289,61.750415417528174
2290,26.25544215330241
2291,62.54987788277922
2292,35.91106685461787
2293,42.06484312128019
2294,56.50564300275401
2295,38.04665761883146
2296,31.073681837027237
2297,28.385706351052157
2298,34.74600527465763
2299,34.377473474487246
2300,60.22788201783636
2301,63.08043333419937
2302,65.98912332084852
2303,45.50894776594292
2304,32.37561623364387
2305,49.15120969634776
2306,35.02751039795416
2307,27.342833478816658
2308,29.907364507018002
2309,26.008171905882165
2310,29.39641531741856
2311,54.09433393391215
2312,43.809773784457654
2313,32.15567475687455
2314,46.58926621294301
2315,64.55430490529731
2316,45.207272439816975
2317,30.931553731967874
2318,61.91942719789159
2319,58.832036903564386
2320,44.88357182672571
2321,32.86021987219764
2322,38.267770201983524
2323,59.14382853097139
2324,43.7393869501135
2325,38.7373547280816
2326,29.915085788891936
2327,30.206945789693584
2328,65.54628337049142
2329,61.87986328925868
2330,54.8104234383484
2331,37.615352053683445
2332,35.45671349346041
2333,68.28437371842897
2334,38.0688410348522
2335,28.883127150260336
2336,39.41237739287899
2337,31.175629056162848
2338,27.955071363724997
2339,63.542470236004284
2340,32.50313229136501
2341,40.88322519981355
2342,63.16305872580257
2343,42.46245532239166
2344,52.06606268831665
2345,40.20084306262637
2346,43.483360618518475
2347,29.19971928877702
2348,29.237792790362448
2349,59.945467744216884
2350,34.03560241661117
2351,63.19573934518715
2352,34.40859154514531
2353,28.556813663728235
2354,32.58405755392537
2355,62.0628801369763
2356,50.42746464472255
2357,34.76998982733144
2358,58.253802511036504
2359,29.744415033153203
2360,29.56137058675764
2361,30.92909830314128
2362,59.39183007070922
2363,28.412150835011737
2364,30.610097041857934
2365,26.857844516682157
2366,64.95147284062506
2367,43.60964351605213
2368,68.54529446902055
2369,33.26813706544489
2370,60.76506945475305
2371,39.280239215698344
2372,30.933278180357235
2373,62.37257163939368
2374,63.00894905123198
2375,39.8972755044783
2376,27.53436230946201
2377,32.984952167166504
2378,43.63941047004542
2379,65.34720307861589
2380,65.60205356314668
2381,29.248415938437432
2382,32.47723085943725
2383,44.00841155486931
2384,38.58026895220331
2385,63.742799546171334
2386,66.92222929695227
2387,32.16866046915073
2388,39.60341615283516
2389,35.92198767018692
2390,35.581409852327084
2391,55.20426320636207
2392,65.30590218628916
2393,48.44587091170975
2394,56.19849568727865
2395,52.163927311010724
2396,47.24535204009065
2397,31.70465649405729
2398,31.67989162522362
2399,49.56372813157532
2400,29.159427811352543
2401,32.463378718993184
2402,55.997862407969066
2403,57.06269031096561
2404,53.09283480503745
2405,52.94664997032193
2406,32.37611604184435
2407,60.437543970329564
2408,55.0086213726236
2409,35.55390630269601
2410,66.07065201275971
2411,60.42631360056513
2412,29.803523577445027
2413,29.656491992378037
2414,46.42655505874245
2415,32.44930669589313
2416,44.82527853835928
2417,28.07464185124281
2418,61.73257420185369
2419,50.253926015495146
2420,48.884514420234915
2421,64.45233357370175
2422,35.396715511300826
2423,55.541864921513934
2424,57.71593262406592
2425,56.24803528850888
2426,46.67846221159131
2427,43.35122226085076
2428,47.883647220229264
2429,45.94851943770816
2430,39.24015712500841
2431,79.08700909849708
2432,69.33876715118116
2433,31.898832593208084
2434,31.68166550555442
2435,40.70427925943473
2436,56.395946210505606
2437,25.47359279304115
2438,64.01105780518519
2439,55.74470980053456
2440,26.960015230177568
2441,50.58415281945312
2442,36.074913155246975
2443,38.347309334303674
2444,37.48979407103339
2445,32.15936030782927
2446,63.289242957724866
2447,65.53278251347957
2448,47.466872123749724
2449,62.91932732662726
2450,30.587645568532892
2451,30.399120529788227
2452,63.77082796286657
2453,26.54676679774539
2454,46.538552775830155
2455,29.948448520600337
2456,46.76997409253251
2457,36.633621171593255
2458,52.87416160487134
2459,48.244081170054926
2460,39.94653342975809
2461,64.51486511619547
2462,41.147475412745344
2463,48.709776091777805
2464,38.60845329679824
2465,33.1194174223175
2466,61.08335825214427
2467,31.68502155117629
2468,51.95873593001318
2469,79.07618345453427
2470,67.0235068910366
2471,56.12514581505404
2472,28.253375829465007
2473,30.033995584493645
2474,29.108776431782694
2475,57.28213324956826
2476,31.521595869346754
2477,62.27716523329223
2478,66.36381921275121
2479,30.78227108944599
2480,26.203864918138486
2481,64.57268686031264
2482,29.716698875947714
2483,29.593865678403795
2484,34.015327539453004
2485,29.93895153503115
2486,65.30704983416426
2487,43.431641595336274
2488,75.67292027814653
2489,31.854629456575005
2490,31.120295934811793
2491,42.781106143354805
2492,39.70415114421934
2493,58.6954553894581
2494,52.18892394787263
2495,53.695509483078574
2496,45.00242201326745
2497,72.02854144118406
2498,46.91063886216679
2499,29.35628738174043
2500,46.3327621242812
2501,36.89267689685332
2502,32.06350821758229
2503,40.13359225230444
2504,66.31067136010132
2505,63.46404344048358
2506,63.23697811762619
2507,30.94963552108826
2508,44.7660840792516
2509,53.965475247456865
2510,57.520586847734215
2511,27.911982484611492
2512,46.89233562249139
2513,31.582630832385725
2514,33.09281026746875
2515,29.362902793450147
2516,63.63814141851965
2517,49.72693671284222
2518,63.626944566991355
2519,47.76853705731888
2520,38.18721501735449
2521,30.669401955274942
2522,33.46850505594701
2523,30.312640618442835
2524,60.79470976842592
2525,32.57523544825345
2526,29.01161359379482
2527,29.50132497768412
2528,60.06808105008273
2529,37.54368781147075
2530,53.7084404149129
2531,53.82483857736757
2532,36.624563186587785
2533,72.29567117582222
2534,30.781838365704075
2535,35.18172456841601
2536,30.565271257055436
2537,29.692576880729185
2538,30.67207440015767
2539,29.824509594077632
2540,29.303982420354977
2541,38.49050827075598
2542,28.545061304211565
2543,28.910147283511023
2544,29.972613008451724
2545,58.896250737695226
2546,31.51059688819958
2547,68.6760309267258
2548,50.73589914544263
2549,31.26691136626595
2550,46.508711268159644
2551,36.23615596924253
2552,37.39224802001343
2553,27.4182931908242
2554,34.66860461749984
2555,76.2693965011278
2556,48.230817038775626
2557,73.45934026405898
2558,61.314962373478636
2559,51.60050105175869
2560,56.85682696875702
2561,36.25992881777205
2562,44.248467575204145
2563,63.80267765484112
2564,28.056583823117442
2565,50.301205866899444
2566,37.57484072798595
2567,29.702253893459392
2568,30.96086482394432
2569,31.851109657776142
2570,29.39076997107152
2571,43.66747708134991
2572,66.97554223419266
2573,51.43084784021828
2574,58.554378198139084
2575,53.57685790704989
2576,32.47760978456805
2577,66.32586336814002
2578,57.687514430590284
2579,29.076317730936566
2580,33.52351158462021
2581,32.237575076026545
2582,28.15085122555312
2583,54.20027776080009
2584,66.78248236431985
2585,43.296152070819865
2586,55.66968514290283
2587,65.8464007705142
2588,60.01715356777908
2589,48.453839944282535
2590,26.616969689265886
2591,59.047094233896345
2592,33.425531637957434
2593,62.16816057711885
2594,54.36516653636079
2595,64.76008949547366
2596,51.037906852499475
2597,52.99776424432006
2598,42.49375264979075
2599,31.464115687380747
2600,36.91873033497718
2601,31.049367711710985
2602,28.939897084022817
2603,62.3816837776008
2604,35.17958918329272
2605,30.975263234838927
2606,57.18731452772068
2607,65.60711231962664
2608,47.79683744056665
2609,56.076633324149796
2610,38.25994658528451
2611,53.36676081397877
2612,64.5632944687419
2613,35.829347841647035
2614,49.32916805888378
2615,28.005815061425658
2616,31.717145623974673
2617,20.2235405040255
2618,57.85752793508359
2619,50.60885833699852
2620,50.92525972791444
2621,63.945020685642874
2622,68.2105136222067
2623,59.27283898882872
2624,45.48183750433904
2625,32.375489294100234
2626,34.00686980291937
2627,33.87294312101906
2628,63.40524456236977
2629,35.2816421047268
2630,37.57763861009236
2631,29.693941949758347
2632,65.48955927959396
2633,32.71902514805112
2634,47.48648234293925
2635,56.557883040475126
2636,57.48548590076474
2637,52.946542005324346
2638,29.944192103573656
2639,31.66954199625949
2640,53.74977568205134
2641,28.970465476902767
2642,34.631165938843054
2643,37.462041859751906
2644,58.172114527992264
2645,31.231254536177673
2646,55.385997386650374
2647,36.076153433186036
2648,52.19231786352687
2649,34.06473501951353
2650,52.82886212938338
2651,33.18457146704329
2652,30.360445417477514
2653,28.604274945237812
2654,28.203494954326146
2655,56.12806058118771
2656,65.32369654221469
2657,66.70590707830765
2658,53.60120019678242
2659,33.625159336307206
2660,28.976619241791248
2661,26.394453126781173
2662,39.60578898082322
2663,67.93908315276046
2664,72.80700186747465
2665,49.082541224947846
2666,59.322211676051325
2667,42.35058989761708
2668,38.15205925759612
2669,37.45594851487671
2670,29.187846164949796
2671,47.31307773783739
2672,52.22935857767985
2673,29.262419114561148
2674,61.92574723445381
2675,41.37457061615694
2676,42.37619010645591
2677,60.91328784974857
2678,36.802759893436075
2679,57.18030133066993
2680,33.44465301231788
2681,56.4864829532874
2682,32.12377851700516
2683,30.285821950971503
2684,55.124615044069756
2685,58.551247021683054
2686,38.57959984845024
2687,38.24053681860582
2688,29.559350929688335
2689,56.654926002179266
2690,54.17184578986083
2691,35.90961210579072
2692,37.18603562283887
2693,34.04038666804027
2694,50.222092029547326
2695,30.890033953191463
2696,62.242803504497346
2697,44.32451447319376
2698,62.7033087059701
2699,46.86195995522641
2700,34.678434908018815
2701,30.429711998659826
2702,42.829740431355546
2703,50.96089037787633
2704,67.25412315830575
2705,74.854369013032
2706,35.09616954268313
2707,54.72692402865657
2708,31.250606920675324
2709,31.532766163677742
2710,43.444109402596986
2711,32.98761126616748
2712,40.39792046192806
2713,50.08141064985043
2714,62.81905442237397
2715,56.34457785876782
2716,60.36369537680233
2717,27.925302320813913
2718,50.32594850351478
2719,27.584315307795585
2720,31.317698485980884
2721,31.46908340445055
2722,66.46616232024056
2723,28.717795311249574
2724,60.683286986714656
2725,33.16525836954716
2726,65.23432725147583
2727,26.41701612622655
2728,46.24722338074622
2729,41.917132700271864
2730,31.79134089708522
2731,33.42492352681638
2732,42.114735611155524
2733,38.40550576173038
2734,29.654137678263993
2735,63.163506744223724
2736,62.54832521408934
2737,39.98740139295387
2738,26.425092409094354
2739,60.46535211399124
2740,54.81372670656626
2741,27.73106436556261
2742,40.31853242792701
2743,35.88861472872213
2744,46.90745681214297
2745,40.471708904743096
2746,44.42916842135395
2747,60.379519446661384
2748,50.092837427406536
2749,34.87362883938654
2750,38.99081848705367
2751,63.48745904124586
2752,52.213788908327274
2753,45.88491336118321
2754,45.14399115099616
2755,51.22793585256594
2756,28.752848871903772
2757,55.93508597812598
2758,57.03280926319818
2759,35.05305129744968
2760,32.92521022925977
2761,37.29942706309552
2762,39.29391377181791
2763,28.725696673416422
2764,54.705147213548955
2765,57.61374627121868
2766,63.57974079954357
2767,75.57208902351212
2768,56.34972550202147
2769,35.09408269607683
2770,28.256926934733116
2771,31.854371535165185
2772,50.890973904673885
2773,59.43766071533104
2774,34.385299705792136
2775,39.47021758256464
2776,62.94527333930616
2777,32.352210721916066
2778,44.54111777949374
2779,55.055200862671626
2780,32.03281957331272
2781,61.464780096189884
2782,45.25139294000992
2783,67.49527523267008
2784,58.052561049240204
2785,34.524582812207
2786,59.69411809970045
2787,51.41182139901019
2788,30.250591744628125
2789,67.43240592776533
2790,57.87144622618487
2791,33.92589541318677
2792,36.34473063549819
2793,46.375548994340306
2794,59.22952738759393
2795,33.00002754148759
2796,47.946160166344185
2797,33.07427231506555
2798,28.41988091594572
2799,63.920109195215744
2800,45.75064310245541
2801,59.91670758719252
2802,48.933345857671455
2803,58.92949647657725
2804,37.92868772273741
2805,30.88286160985603
2806,71.48355146836413
2807,34.47670419316776
2808,41.07257592017337
2809,54.98046079053558
2810,35.478675317683056
2811,64.10594242092776
2812,43.056073647996
2813,70.78987384294052
2814,41.550685005313554
2815,30.41761547436512
2816,50.314910264045004
2817,37.05154959425812
2818,31.004846686391865
2819,26.93986160494829
2820,55.220799213071416
2821,55.33375714912636
2822,29.438638708418303
2823,44.580004379427486
2824,31.69752215537278
2825,29.031456794759777
2826,67.4007345884708
2827,49.08806775387773
2828,37.16965469536771
2829,56.79904273652449
2830,30.95533692610828
2831,55.540972689334296
2832,60.443799925437375
2833,38.26937282789385
2834,69.96841875031268
2835,44.51355617540085
2836,29.27280194683395
2837,62.23712819814553
2838,43.02131433583048
2839,68.30668708835167
2840,54.70308102151614
2841,28.31562182489391
2842,56.832273243114415
2843,60.94789072883043
2844,33.13999681130747
2845,44.80352394323289
2846,45.02019128187601
2847,61.31057953779478
2848,46.04913510907774
2849,56.37564793612767
2850,36.419797119202464
2851,67.14488374108355
2852,49.83942281031211
2853,39.74499762054547
2854,32.00254501625349
2855,38.37327731224374
2856,59.60284372190006
2857,56.47738950422561
2858,51.57296147714874
2859,45.560003429541126
2860,29.68640736140209
2861,44.31694578007334
2862,29.611213435672873
2863,57.88188026356665
2864,32.858195266912624
2865,28.35954087504353
2866,58.637329169984675
2867,28.60731141896428
2868,45.07595156061595
2869,34.65558387206045
2870,28.146263325389256
2871,31.31699256501433
2872,67.693411805571
2873,25.495310483058788
2874,64.33824463722881
2875,33.56525885623667
2876,33.89600392219552
2877,33.413171571722295
2878,54.82279605235949
2879,56.927690145400966
2880,38.90149069536784
2881,59.06970816375173
2882,67.2258864873282
2883,38.74725785804674
2884,65.53091334027289
2885,47.37784630439207
2886,29.82312644209751
2887,33.11086483323574
2888,53.221135109561196
2889,31.08506542601335
2890,36.15953145791396
2891,52.656685290580896
2892,34.05216986130198
2893,70.59152538403553
2894,32.249782770543554
2895,45.83733841776841
2896,30.639547436886396
2897,32.25843652873769
2898,59.58876326614079
2899,40.68582905526054
2900,35.74677844687744
2901,30.744784405927817
2902,31.031361606995148
2903,66.11826649917305
2904,29.365999452352057
2905,54.77370531579249
2906,43.25441370128084
2907,37.85481720822132
2908,57.237163487041904
2909,68.8652335801247
2910,40.042856163543306
2911,66.45601426643178
2912,55.617605610638755
2913,40.19251749848094
2914,40.18273055522046
2915,61.50430259286067
2916,33.39135613119703
2917,28.905002129114834
2918,30.39410629705499
2919,37.310392038275175
2920,30.66986390145047
2921,28.60335631734287
2922,25.640625290643094
2923,56.70113553463271
2924,30.828910463930995
2925,48.04690379852265
2926,27.336916151104752
2927,47.239719856216794
2928,36.050656307875315
2929,34.02258933642074
2930,42.563315475623924
2931,35.59581676770326
2932,29.281046656280445
2933,38.88217530704348
2934,34.219905808219025
2935,39.58748491019698
2936,70.73789836902293
2937,26.722698148367947
2938,60.02241063453573
2939,35.45930105648016
2940,29.449173323490378
2941,32.419889381592164
2942,55.08299029284967
2943,29.994724219577257
2944,66.5202571642655
2945,59.00778397856028
2946,53.360046446984214
2947,31.923126450424775
2948,27.632790996978407
2949,52.8243419404665
2950,33.33707183634253
2951,36.53986648892928
2952,66.19627935165364
2953,29.46028050048419
2954,36.652077939962325
2955,33.018392215889456
2956,44.08352350835837
2957,59.68332148832183
2958,28.329279993200693
2959,27.99227229909699
2960,36.42871772253816
2961,42.76361389947414
2962,68.95310835665506
2963,33.232087136344916
2964,32.14904609527232
2965,64.65344800910012
2966,67.19223429534921
2967,31.268605771615235
2968,39.36677447099161
2969,30.91442272007047
2970,31.73201112938812
2971,30.858511695676967
2972,44.71329147293835
2973,30.083549488791988
2974,34.235361723833925
2975,33.563179734488976
2976,33.20647130681862
2977,32.86473322564818
2978,32.02061463363257
2979,31.491952579809492
2980,53.08375473257277
2981,64.86401873385635
2982,64.8301872842175
2983,59.27410660569286
2984,35.43053678662294
2985,33.77292477966107
2986,36.428233947058516
2987,29.397525096277093
2988,66.17527458759393
2989,65.68769909863269
2990,54.67487003073691
2991,28.990015815829267
2992,62.114672560042365
2993,32.38416560005293
2994,58.8585064895979
2995,30.5808092456273
2996,50.06287387731991
2997,32.24354932486458
2998,66.12344538570021
2999,30.721730926836685
3000,67.40016582841449
3001,68.70266140003469
3002,53.513480708574164
3003,28.70704031387497
3004,37.138789161032776
3005,32.09280554358591
3006,30.48213253834149
3007,66.67395315870507
3008,33.10879118452239
3009,30.187950079789204
3010,35.64408884206219
3011,62.16250337083436
3012,58.95086218298828
3013,57.08331538064871
3014,33.069002812997994
3015,65.8499728784491
3016,57.2751714148132
3017,55.794505900772414
3018,32.071400212582404
3019,37.40346979781718
3020,34.628246401940956
3021,31.075479216901336
3022,49.82361348319088
3023,44.210075870597834
3024,57.67031612558962
3025,53.4578397105926
3026,45.37093682441145
3027,29.998775108956877
3028,40.69112878745584
3029,40.51462360970446
3030,73.98841837555796
3031,29.858853165081626
3032,40.64747257742042
3033,32.909559863182594
3034,56.51433226793953
3035,59.7261289488591
3036,70.89755987409967
3037,32.54665398577676
3038,58.76242439009482
3039,28.07390604933414
3040,59.83317291924052
3041,65.62351481288675
3042,33.03155486296721
3043,31.961814141128166
3044,42.43915347047472
3045,54.509829924984345
3046,38.815904163292025
3047,47.85814982678387
3048,31.0292636840459
3049,28.62398452986462
3050,26.93588559003596
3051,31.905575063565635
3052,58.28078110088731
3053,38.28737783894981
3054,56.29764784923515
3055,68.26329806258076
3056,47.399333108674305
3057,32.66456455312198
3058,37.93637497644578
3059,72.2466279778071
3060,50.644748583186036
3061,61.016454478936055
3062,37.10081116412347
3063,31.95517446397904
3064,30.057056663176617
3065,73.35337387452269
3066,34.44165126046785
3067,55.4044940717685
3068,31.938825421251266
3069,29.55469560202681
3070,29.771147191964317
3071,32.29384085117588
3072,59.89445304880798
3073,30.375856834516178
3074,57.10311175935243
3075,28.68125482059797
3076,44.46779107333809
3077,36.50608264069172
3078,46.7395321473967
3079,54.07762375326663
3080,29.245631258076983
3081,31.99112972909603
3082,81.09761714197668
3083,58.151147389192076
3084,52.559915762705174
3085,31.42638791670914
3086,30.92447780163417
3087,28.1557740612958
3088,38.94376412051426
3089,36.60598441978945
3090,47.28610502734
3091,56.48898206006701
3092,34.064141904287894
3093,62.97267643356738
3094,29.413245767780055
3095,56.722187883880586
3096,62.536169894609614
3097,33.80621613745159
3098,33.35944658352611
3099,47.00088041993109
3100,34.613379768236
3101,57.25956984457531
3102,30.88689714844491
3103,56.01122265883872
3104,44.62579093430881
3105,32.83606681682316
3106,55.7261565625238
3107,48.06790445744126
3108,66.44568366497018
3109,61.463655367380284
3110,66.78129281188382
3111,64.23125468028039
3112,42.03333150722006
3113,33.19540733638509
3114,34.99802733719207
3115,27.24762437875296
3116,48.36663105147015
3117,33.16867892204112
3118,36.02851243465096
3119,57.67894688095981
3120,53.71600087308013
3121,48.74868289323656
3122,35.11851841405911
3123,31.25249002973475
3124,34.47722299029901
3125,50.47304852552705
3126,30.824596540285853
3127,36.8098538906662
3128,30.666985582112027
3129,33.13926215005959
3130,27.200502615140948
3131,45.722229536989275
3132,29.888710574241294
3133,62.21245314467688
3134,60.2075287252101
3135,52.39564031742543
3136,65.00803385928376
3137,29.396953454272953
3138,31.366299844283425
3139,35.389160014518666
3140,29.100259032181633
3141,53.15715185749636
3142,58.08887144728986
3143,44.50177077613319
3144,51.37378075798024
3145,30.13308730737208
3146,31.85624530628757
3147,41.25124914745756
3148,27.528682874843753
3149,45.81550400048043
3150,86.8036115621756
3151,33.768267091392865
3152,34.0282710299431
3153,34.45878395975306
3154,30.353404199804416
3155,52.36671934799653
3156,29.73472566108004
3157,28.03805156995677
3158,30.207427417111546
3159,37.84033523219127
3160,63.903372844841144
3161,34.23811883998698
3162,50.79249537307645
3163,49.33348234254353
3164,27.623156322291344
3165,48.24798697795157
3166,57.126315510487814
3167,41.172051194690894
3168,40.2339746833905
3169,29.415859232794162
3170,50.54857993475106
3171,31.475406546564166
3172,51.08156161169694
3173,31.539676176404868
3174,29.73007534130756
3175,47.21814993602568
3176,27.82684406762842
3177,61.452970445832115
3178,39.44236094831683
3179,52.12373189527938
3180,32.35088252198058
3181,65.36021126819712
3182,30.978109263209056
3183,33.344649899318476
3184,28.121157963207665
3185,31.992080412933866
3186,30.75347728634565
3187,67.2597947378397
3188,31.427791003455525
3189,41.06750553552486
3190,67.95902063101741
3191,72.06401065085956
3192,45.70658781297227
3193,71.9025710908411
3194,67.09622132782282
3195,29.800894752443973
3196,26.40253334723534
3197,54.508116500995484
3198,67.36591917328074
3199,63.8173250805271
3200,37.1207058086959
3201,26.600415614514965
3202,28.870889683463915
3203,46.06411736126777
3204,57.714755586653894
3205,63.16491124819147
3206,36.4020338502579
3207,26.463065866198427
3208,30.32020878255181
3209,54.29249937704412
3210,43.06354621231184
3211,35.06104101311571
3212,54.386909446458304
3213,59.6724583928785
3214,26.479221239205486
3215,29.598065175965537
3216,30.16291137942448
3217,38.24220753763531
3218,30.967089140333442
3219,65.86177065958623
3220,61.71211177423371
3221,60.112639579261696
3222,33.286606059620894
3223,38.62840084894946
3224,30.013158352564204
3225,30.867988144582505
3226,31.97029592503104
3227,39.844932394249554
3228,76.2799846551739
3229,35.32196593927351
3230,31.03962416904656
3231,30.158172085825257
3232,29.686087529901847
3233,62.022753816463194
3234,34.07394927364092
3235,45.24707706879586
3236,49.95873893962579
3237,56.92409994380588
3238,51.515695487109355
3239,27.97792645859041
3240,26.30069691487025
3241,28.83092901574137
3242,61.54703058734256
3243,33.42051447233826
3244,34.50255255992839
3245,34.67831598952873
3246,68.63933607423706
3247,41.147873022948
3248,53.90697854898532
3249,56.710628417177695
3250,61.94829624721318
3251,52.819031327419395
3252,31.651731742156343
3253,75.9233784255396
3254,58.52485090034
3255,44.84618702816968
3256,67.62659184997229
3257,35.47827217403697
3258,28.294301688639187
3259,36.22697696564695
3260,53.39789131364685
3261,34.417957180858735
3262,48.299257220292574
3263,31.01732852642848
3264,27.643465626079326
3265,32.289336213392026
3266,29.101288647594707
3267,56.450816255058626
3268,63.07355867457506
3269,62.7202715697105
3270,56.725472494567576
3271,32.33031390870192
3272,58.6892423773917
3273,32.439548950995004
3274,29.777862603454132
3275,33.893264517496405
3276,57.219789989513856
3277,73.84516457418336
3278,37.049323809582276
3279,27.222174546987247
3280,65.40439601489959
3281,65.83595537019907
3282,65.39058748265344
3283,28.86810036221498
3284,31.5100959702515
3285,48.19815929987806
3286,32.15005868464974
3287,31.494633728632387
3288,30.88749303115894
3289,53.95890771220156
3290,58.26792516256529
3291,67.38623851267558
3292,30.195094057000674
3293,65.07334045300244
3294,48.5096988653159
3295,28.790350212594014
3296,35.66079168647242
3297,58.43479807805958
3298,65.73121479202769
3299,41.76850137819114
3300,57.88501030582885
3301,75.45132958607019
3302,70.7948965347748
3303,29.35203469783894
3304,29.145287302762355
3305,62.685758088507804
3306,54.12527603913575
3307,43.25108853743596
3308,28.16026726657931
3309,28.77684742053465
3310,28.37514521565997
3311,53.71780798713125
3312,29.722342354844486
3313,34.81497251712263
3314,33.41663895413248
3315,34.81413179633261
3316,54.642840571225506
3317,56.02350581130013
3318,31.57774725851103
3319,29.10321145631267
3320,43.66643266697049
3321,28.744135272422717
3322,61.14523069651783
3323,32.388798819235156
3324,61.2072389019856
3325,29.883111483987975
3326,36.8781997269421
3327,28.005376794234536
3328,58.402051649396306
3329,55.96076435040478
3330,67.57303060443576
3331,32.49516893602438
3332,51.04741920234311
3333,57.730659692800714
3334,62.33760377575935
3335,32.64142921918847
3336,29.102485517086315
3337,89.24989094943639
3338,60.23714030628965
3339,28.174277025704093
3340,42.00297762250874
3341,33.2390271712838
3342,71.46421670448288
3343,55.99275410343262
3344,64.70818893120467
3345,57.16977650338025
3346,53.893066658761285
3347,31.88509874500444
3348,29.24349000461534
3349,26.416976533772456
3350,52.767299926692516
3351,43.142218410623286
3352,57.42671028182039
3353,28.187021239016687
3354,34.364439909086556
3355,27.45255427746966
3356,59.043682013006325
3357,62.091769543938874
3358,40.53608284081784
3359,38.3070179643649
3360,36.83367485039504
3361,52.65511480547846
3362,53.758330575495975
3363,72.80946430593681
3364,38.07333524883846
3365,48.57149177591574
3366,33.868408585209316
3367,46.82174495232259
3368,47.74976761856607
3369,46.5397529031942
3370,32.9600409951999
3371,30.035132597691742
3372,36.199741130283684
3373,53.61025927125041
3374,27.491155666744653
3375,57.449157580164275
3376,50.273638259938785
3377,63.74599678444595
3378,46.64087299481024
3379,27.337545328547485
3380,32.151061606923776
3381,30.52196598764222
3382,63.11129966958186
3383,32.7736993070325
3384,32.97137268103872
3385,29.098225734413845
3386,30.24721278145463
3387,61.03767739982591
3388,56.41284911339663
3389,30.475992386416486
3390,37.5031715013958
3391,34.1895703821472
3392,29.295022991262904
3393,67.4979974623579
3394,58.92515972363405
3395,60.09654544105315
3396,38.84279820655618
3397,31.362992409301484
3398,33.38661690877257
3399,53.04380930615999
3400,31.049852575422612
3401,42.69813443743634
3402,54.545898034160544
3403,37.03681596816678
3404,55.018892521564034
3405,71.35970103211025
3406,45.24101492298946
3407,30.136623383188073
3408,29.719191527841943
3409,63.96626971807744
3410,50.69269123763382
3411,51.10175639929558
3412,48.07534284820674
3413,38.911105104268245
3414,35.491533328350144
3415,27.698809786737684
3416,60.1709666936055
3417,67.40419300349265
3418,30.547506105470525
3419,36.00490922192887
3420,55.87025419559968
3421,32.677500945981386
3422,48.976418318506376
3423,32.257761193881905
3424,44.64157416842016
3425,33.605091242040885
3426,55.21492868727845
3427,29.38682830981196
3428,34.165868954994984
3429,51.28735842347285
3430,30.46450824841373
3431,69.4078988056417
3432,43.38093722229692
3433,54.7353080299504
3434,33.61982909437489
3435,66.19730220147781
3436,46.42534596828553
3437,51.90784525774608
3438,27.3305451124143
3439,57.481006175880935
3440,37.24694971418224
3441,41.504376871136586
3442,30.2490890779925
3443,33.08577193381444
3444,57.92666481331207
3445,34.54339976724628
3446,31.22006054084742
3447,47.50919345635142
3448,47.562924700219426
3449,37.571488222860324
3450,29.0799870360281
3451,39.19675229676539
3452,38.9216394716171
3453,44.064421588586086
3454,62.059761507006904
3455,30.165778701444715
3456,39.812945090702875
3457,64.30997811367016
3458,45.547911516109636
3459,37.77673971139444
3460,30.973478692310152
3461,30.954030162581205
3462,67.36647422917831
3463,56.837473440380826
3464,31.074563798825515
3465,30.104708676641792
3466,68.96934703153435
3467,52.10900571668954
3468,36.362183266035316
3469,30.97911955274958
3470,31.439360538015933
3471,49.177828760221914
3472,56.73306557608113
3473,52.858287329842256
3474,68.72067056707769
3475,61.62303722756098
3476,31.95645524498955
3477,49.97042847161483
3478,37.742297550097916
3479,30.440860861184518
3480,28.826483538258223
3481,30.02341163537433
3482,31.331697689137812
3483,53.97565818601327
3484,30.585708094374866
3485,52.376394406909895
3486,49.32802449101858
3487,28.131559929020163
3488,30.250950692919268
3489,64.71266603990316
3490,57.61733553749154
3491,46.62701125784925
3492,44.15958063420648
3493,60.14213793766518
3494,29.4355509340659
3495,35.5048439038698
3496,30.211244496375592
3497,28.62977057790917
3498,30.48291211382564
3499,49.86390260268686
3500,31.559399175954127
3501,32.85672364460726
3502,71.25778210496085
3503,47.56650429721097
3504,34.6645715850862
3505,33.111741323485504
3506,64.42793003425773
3507,30.223180407233485
3508,33.3984545742151
3509,31.22597970569759
3510,31.24164405859483
3511,53.30877368177147
3512,29.508118627979222
3513,29.09235022710675
3514,27.284817551557595
3515,61.90911474680177
3516,61.475192487115486
3517,32.33294962827202
3518,33.23441528158297
3519,66.44599160658274
3520,67.76244847893462
3521,32.82186360571149
3522,41.80737277583145
3523,30.70607007631505
3524,55.275048521728394
3525,31.551035156891963
3526,32.491582392592235
3527,32.462360574682855
3528,30.36537293639521
3529,42.12387569166273
3530,58.91805898812316
3531,30.129682382523804
3532,50.03404753397213
3533,35.31039585561031
3534,28.05944511481173
3535,62.521182492293846
3536,49.93222223460772
3537,29.58182048577566
3538,32.00121405385483
3539,31.23074107327531
3540,36.5214598467229
3541,34.03149243994358
3542,34.51028643269089
3543,47.66138728466879
3544,29.018197252284892
3545,70.28169541840873
3546,52.12585423310701
3547,40.01908950575589
3548,28.363221584426775
3549,56.630293711655504
3550,48.52905410311387
3551,31.326506051114208
3552,37.890080718472106
3553,49.163994507101876
3554,33.18156437933716
3555,36.41866853839237
3556,43.631598018407274
3557,53.67276472934923
3558,70.58554132690941
3559,33.80646297400612
3560,60.17919209458424
3561,30.75002121147002
3562,69.07733792625939
3563,34.571922607522964
3564,42.89194246220367
3565,52.182072219273756
3566,41.492635952645266
3567,40.196670294654965
3568,30.168875525897832
3569,40.4183014031391
3570,43.97419770542013
3571,39.520196880898396
3572,48.08947689198391
3573,52.094033852364994
3574,55.214934264453014
3575,53.32898068092367
3576,49.04813238484985
3577,41.01662630388033
3578,32.27095034088005
3579,35.481112440943996
3580,57.480267260482954
3581,31.722935548363623
3582,28.26782838048137
3583,32.31922714009594
3584,39.36912692241931
3585,30.07980115842811
3586,66.25143188445374
3587,58.4959734773244
3588,58.80248707514287
3589,57.510344633638425
3590,34.26830308874816
3591,69.14168766486131
3592,66.69164764879137
3593,29.28399497138811
3594,31.510419992993633
3595,55.73613945274589
3596,28.58011544687858
3597,32.882032534904525
3598,32.95171119009836
3599,67.4603585537867
3600,64.7355217431898
3601,30.830585531272916
3602,35.61714617772512
3603,64.8648292330821
3604,34.26150512226092
3605,58.8469501110578
3606,31.766794661948495
3607,33.75836037772811
3608,52.68270692903952
3609,35.94669711331636
3610,31.440881752889965
3611,43.530753342102734
3612,56.291524452955834
3613,56.149328375439836
3614,46.03687834242844
3615,57.705371469392674
3616,29.88321112833919
3617,51.87885733002446
3618,31.459900057394826
3619,45.95388583990713
3620,46.91274216309927
3621,53.66701292767152
3622,35.197394570325756
3623,51.944061894744536
3624,42.42509212731354
3625,29.87305494671608
3626,37.22030599658398
3627,56.27373966757411
3628,29.48589512780724
3629,57.909453048296704
3630,62.30774301324177
3631,31.592319839904974
3632,52.38594750742916
3633,29.751948323036174
3634,68.21974639851071
3635,46.91585787893354
3636,47.363404422289015
3637,55.12804453921568
3638,43.84684542508859
3639,63.086095903307694
3640,32.25713979320153
3641,48.369141295742736
3642,38.054549280906485
3643,54.555116297289906
3644,31.893667743096174
3645,39.628196796637326
3646,49.07354304426818
3647,56.64930271283615
3648,28.065765368379466
3649,34.18380376675765
3650,27.325736422205722
3651,29.837743179765923
3652,52.13365305082456
3653,29.573122522061254
3654,65.7684436871891
3655,56.365846087165224
3656,38.37055100220428
3657,31.746074343029413
3658,61.099097577474886
3659,42.47274827643375
3660,36.699931999622805
3661,60.28698305792374
3662,28.219762130944936
3663,29.295447961710167
3664,57.78563154170899
3665,31.94122301923978
3666,57.48171376714363
3667,45.77353035817371
3668,50.37588965950761
3669,33.04777785752127
3670,65.2774586247868
3671,44.795959211131404
3672,31.24396885501409
3673,45.60873016110203
3674,31.40098210482573
3675,63.313721871270616
3676,55.151862160182915
3677,53.99855374571633
3678,56.71064089669735
3679,48.408253850728144
3680,62.439945903508864
3681,39.42366313671074
3682,40.914388605333464
3683,33.36590446438215
3684,54.850600662492305
3685,29.302246581398016
3686,49.31144319013046
3687,64.37301417885377
3688,53.38375080854989
3689,60.95255445160352
3690,57.08819008952197
3691,34.297585447985476
3692,60.24534449678911
3693,31.5733534879189
3694,49.11206362478521
3695,38.84640400002784
3696,67.36773369453341
3697,50.09544414053751
3698,29.441973628465007
3699,44.86527269383096
3700,32.14729111184448
3701,54.51424108202129
3702,64.37000126280017
3703,36.30967482259116
3704,60.17628890855714
3705,63.082209891717845
3706,54.55724797279066
3707,31.78775483609732
3708,34.39769275604097
3709,60.37004587501575
3710,45.88879975563093
3711,34.24274840493278
3712,31.4415318777911
3713,66.85274885448662
3714,62.2854095951853
3715,29.4919769645685
3716,39.11578886996335
3717,62.33465658626581
3718,56.75878670477147
3719,57.701804298103184
3720,30.83504275979015
3721,65.91818388872004
3722,44.80869408682376
3723,62.72925582347543
3724,30.12807575619876
3725,31.453394829917364
3726,36.35565319665368
3727,46.54703295720695
3728,15.377148578960316
3729,64.31097313789908
3730,31.930138477049212
3731,43.66926944220357
3732,38.08513459420648
3733,62.28313785030474
3734,55.538823264806624
3735,55.57036431041391
3736,34.024106161468474
3737,61.5269662325217
3738,70.89546782932241
3739,40.28322935953092
3740,30.91387959971908
3741,53.72326510732026
3742,60.82316536737851
3743,36.56091371599345
3744,39.87738384968448
3745,47.39451038041891
3746,62.74230910999995
3747,57.34272177217993
3748,34.19841701734329
3749,32.3045924827302
3750,33.64960547328964
3751,42.66594317007761
3752,28.921393218277743
3753,59.47483889323949
3754,49.89091888342148
3755,33.26351026185832
3756,55.214548717129496
3757,54.50631021431818
3758,46.48466558784561
3759,65.67899847002643
3760,61.80310800210628
3761,61.1363911002785
3762,32.43581642424733
3763,64.01829522887448
3764,35.2298141254434
3765,54.733461833788645
3766,44.76794053440127
3767,36.76501968329639
3768,44.374543946977624
3769,29.93864547058189
3770,28.374071217434
3771,64.28024671022794
3772,46.230160011046706
3773,50.79757362416649
3774,39.17190064311792
3775,59.60900319172518
3776,65.47424629348097
3777,30.389617504451152
3778,61.521966780300595
3779,50.183061977666455
3780,27.891788637867904
3781,40.664850645055864
3782,32.963739909154064
3783,53.16937268412548
3784,28.232927922921697
3785,39.979145247885015
3786,53.61583086634997
3787,61.16935801635104
3788,66.9361271874125
3789,64.07474249771886
3790,31.98706995896132
3791,66.38661332972845
3792,27.95316028353416
3793,62.76535607351907
3794,47.841627007475424
3795,29.94235954123883
3796,55.36756813020169
3797,63.2903465802007
3798,63.954232380997134
3799,31.89178171413655
3800,46.80439363217258
3801,66.40182489625101
3802,26.61351489664939
3803,31.99154195202587
3804,59.679208682885175
3805,46.39394052652902
3806,69.38783593495872
3807,69.9623447499643
3808,65.15764736008082
3809,64.41877471334148
3810,68.4282282877017
3811,34.0257387610515
3812,55.406532958059174
3813,32.56027020260706
3814,29.666114128187452
3815,62.19651025106178
3816,68.56047860260894
3817,28.900635787639345
3818,47.0959424399591
3819,41.37121928165871
3820,64.30501021289508
3821,38.43968077780872
3822,31.53264280305946
3823,29.60019056672202
3824,54.97132991162367
3825,35.85397295940639
3826,49.30443163601926
3827,58.06088089939439
3828,45.05773827953713
3829,27.750897887829012
3830,54.55890582129175
3831,50.855428867124594
3832,34.54229855173734
3833,27.595399805311672
3834,35.05398795647751
3835,66.00603384443524
3836,55.077581819436475
3837,37.229339210601275
3838,55.54220436538805
3839,30.520669912322056
3840,61.88086690234132
3841,49.33875877129455
3842,39.46408890123619
3843,31.588850991386238
3844,59.637304001766225
3845,37.860564698615654
3846,31.014833243143414
3847,41.456175528946716
3848,43.86853037985249
3849,28.207350924031033
3850,46.54936503527975
3851,32.8466944051949
3852,52.07766387033065
3853,37.350372757698636
3854,46.597624984951935
3855,32.874078329590844
3856,29.066468943524313
3857,58.06041818092975
3858,32.119438649710354
3859,52.91746102511841
3860,46.171830724504375
3861,57.05113251054569
3862,54.82624258516175
3863,35.91839906007511
3864,53.99815145897128
3865,62.84602032847228
3866,29.25695768740441
3867,68.86073516441053
3868,28.417060740424247
3869,48.20095407844673
3870,66.04854017183985
3871,36.876757998583756
3872,35.269691932568904
3873,51.33994391155192
3874,31.052216428333125
3875,34.085298820566294
3876,29.33495722546268
3877,42.25175154567316
3878,51.95392140956084
3879,49.11498402263655
3880,50.55526985073379
3881,34.61598872524033
3882,48.762367620452935
3883,37.355738782519715
3884,35.69534051761203
3885,71.596106589688
3886,35.15488774238942
3887,29.77422311361957
3888,29.858255004810395
3889,25.29952109715682
3890,67.68281968872834
3891,66.08609296267656
3892,33.95092997252022
3893,30.685241502358714
3894,30.012572516802045
3895,79.82427887219181
3896,32.26873273225017
3897,28.651863139067437
3898,31.384503393615873
3899,39.88190038146857
3900,28.06055686446517
3901,44.630898656121204
3902,66.45503865364242
3903,54.150587545840864
3904,38.60840569471516
3905,30.676024555157603
3906,68.57458590927502
3907,48.73513799960831
3908,30.925214403381148
3909,58.92891008932658
3910,48.17295083479721
3911,50.728832520038736
3912,31.70909083147012
3913,58.0423154280879
3914,63.744259407802794
3915,52.85212246500629
3916,56.15979591952153
3917,55.28877245507239
3918,45.45322007363987
3919,27.64247847383694
3920,29.130914111183095
3921,30.9053800815445
3922,44.05270976868556
3923,64.35593292901586
3924,65.19814243708402
3925,29.332104812264042
3926,83.7015268788677
3927,57.33121480107988
3928,35.82121810188642
3929,37.01738239529743
3930,51.073120931588306
3931,45.149084489028304
3932,37.410707286867435
3933,33.228902091677774
3934,52.96180821743837
3935,30.0039455349197
3936,34.692945321543334
3937,70.22480171641439
3938,56.29065585464318
3939,34.76109395285983
3940,59.8073325124963
3941,31.552242261295447
3942,59.52826577134309
3943,29.366095705588066
3944,54.85533548807893
3945,48.081542770275206
3946,45.77928117215673
3947,28.86167806760642
3948,47.334314532541704
3949,46.04801074841445
3950,52.46490704863652
3951,39.63395121453246
3952,31.57877702135611
3953,49.11761929626435
3954,29.83946653778944
3955,46.5961894961631
3956,35.75595906795543
3957,63.01624384503258
3958,29.226579685133387
3959,59.339758435164846
3960,45.06539060953383
3961,44.36935778879271
3962,49.992674666375635
3963,32.86587595237045
3964,43.1832545591935
3965,28.575840421227852
3966,56.1828220776835
3967,37.71729071662511
3968,45.79021753303835
3969,53.228629371952394
3970,42.345818502824045
3971,31.6932184191174
3972,59.41652929112916
3973,38.47903405060231
3974,39.564637554186376
3975,67.4151331252408
3976,63.49061267617319
3977,52.39193102977006
3978,55.561490244627706
3979,48.65967083077864
3980,53.715108869777595
3981,54.556384182497894
3982,44.480556252876156
3983,51.16819889867772
3984,48.240773308855935
3985,45.307241858296365
3986,33.77882606000256
3987,32.41149620677077
3988,38.278572922632705
3989,46.35870927992076
3990,34.01312029453694
3991,34.26735149143134
3992,55.78613512108984
3993,29.517736348380247
3994,49.14183820750239
3995,28.000032942877233
3996,32.54690985557914
3997,30.212732696725176
3998,40.308102861454444
3999,41.986877449791635
4000,49.272798367358995
4001,38.20386411481001
4002,31.869092842773668
4003,46.73223300473143
4004,52.716287274329396
4005,28.676947389834908
4006,28.392206228127122
4007,33.393462182512216
4008,32.217534554426045
4009,56.616658068027114
4010,34.45559520073325
4011,56.40986484865506
4012,30.15668688140933
4013,34.74195076212242
4014,29.26861310114638
4015,43.52903494697629
4016,39.53482258249273
4017,36.68795164144608
4018,28.43123321992752
4019,60.68844381405972
4020,32.40552350794081
4021,52.44297667681252
4022,29.920204718712753
4023,31.9049211509341
4024,41.24549514421855
4025,32.29657449768096
4026,54.96216929669436
4027,65.09846719417743
4028,31.484477054766742
4029,54.50616239003286
4030,32.167902793042245
4031,33.65190709138459
4032,35.22678717232203
4033,38.025172715157844
4034,33.260954087484976
4035,42.40233475130501
4036,38.957013131888246
4037,31.22562487049791
4038,59.9527321410171
4039,61.395830980025075
4040,44.72927613858495
4041,58.109250078629266
4042,45.30095349613149
4043,67.85805603265126
4044,49.67719048066763
4045,61.13756442249684
4046,76.0206981455946
4047,38.87660577453306
4048,63.28117707605237
4049,62.223247902451206
4050,55.172218200837364
4051,34.25615243743104
4052,53.63521276409684
4053,31.31414821101258
4054,64.36741037501399
4055,47.03891480911116
4056,34.09003429190845
4057,38.21787233352926
4058,26.595267148785872
4059,58.74868549292469
4060,60.961563301552474
4061,43.74389482839312
4062,63.39599419328423
4063,60.48945754577797
4064,28.374348601140916
4065,44.150454867705946
4066,64.50477739104969
4067,31.761514150598302
4068,31.234221081203977
4069,29.488211179478228
4070,29.84931643372473
4071,36.09366808111092
4072,27.81785116746064
4073,36.40676167363684
4074,36.99653261819997
4075,50.52468324686943
4076,28.975342960551323
4077,32.04936275317105
4078,48.78968053714129
4079,34.52107532409412
4080,30.82932720031642
4081,32.32583219848132
4082,66.32252396941908
4083,42.93089286469407
4084,30.68862382868319
4085,61.22309783515727
4086,58.75593797637087
4087,30.092000863341227
4088,49.64045157388652
4089,55.56906567467777
4090,31.394614507326807
4091,70.95988956571597
4092,33.346956286756004
4093,31.14942413713181
4094,53.26141491032409
4095,34.15978281025581
4096,40.3266089871462
4097,36.66487090233696
4098,61.785135092978614
4099,62.31738444710929
4100,70.00270698523497
4101,61.891011886517
4102,54.29338485481911
4103,29.128902986297284
4104,56.8597128523876
4105,57.26910375958119
4106,68.03700202937443
4107,57.380262157168076
4108,30.20771290643671
4109,57.43545316497898
4110,39.43711610708069
4111,35.6197781233752
4112,50.76601259536557
4113,36.76430574383522
4114,63.502631352533975
4115,36.0132243172464
4116,43.80570291227515
4117,43.688607717046935
4118,31.832598163898012
4119,32.66702062450902
4120,64.5895073106226
4121,27.320201067253436
4122,40.46253181340306
4123,47.44326956611302
4124,59.00043719941596
4125,34.294935423255225
4126,44.90229138669034
4127,47.232470892757846
4128,32.481725889752454
4129,33.11303743794855
4130,63.06244212744038
4131,62.764597765665975
4132,42.48721273329407
4133,47.795110958702764
4134,53.13355525368677
4135,28.889352849944437
4136,45.63586650648465
4137,66.71703075660297
4138,28.489682352900367
4139,71.23386765408256
4140,35.95352303440807
4141,60.86184214101975
4142,30.386844391432284
4143,54.46614318033005
4144,29.091977315873784
4145,48.25351961988291
4146,43.73541454919794
4147,36.78204386922003
4148,51.97400145227993
4149,57.60191646075141
4150,44.07164352724452
4151,32.62278628297086
4152,33.5887965897374
4153,33.17182809961107
4154,32.83392483331857
4155,53.29674976307156
4156,57.26685831983282
4157,63.743976061133864
4158,54.909078223869095
4159,61.6915483226129
4160,53.41156045340135
4161,37.73414579017121
4162,42.35622382067865
4163,58.2243754119685
4164,69.00826112414597
4165,27.132710669876154
4166,28.297269835393863
4167,56.08713446174797
4168,34.47761171255291
4169,44.63528971273904
4170,35.38670466597131
4171,31.532194290712496
4172,33.91652811261183
4173,42.88601491509799
4174,33.54341271305494
4175,59.44710842791175
4176,52.27195679335128
4177,56.366443646353396
4178,46.43605409967488
4179,64.69348638982785
4180,48.098979534823584
4181,49.98980858404366
4182,71.45569935449095
4183,53.195430315367744
4184,28.41892324270323
4185,24.034699806795004
4186,30.162275988202836
4187,47.58279440482177
4188,30.397631341882423
4189,58.72636094914486
4190,67.17812309632473
4191,33.921824249759766
4192,47.114824320231094
4193,48.14087139409193
4194,52.891259993407175
4195,63.43973545424958
4196,56.34373067416017
4197,59.347866042254786
4198,48.2641363986206
4199,56.55333026487557
4200,27.7296197412113
4201,74.20413776275862
4202,53.22549724103693
4203,66.07896610988126
4204,31.434212897731136
4205,31.70354614604686
4206,59.15325533699671
4207,33.11403133212728
4208,68.10364392677612
4209,42.69966642567805
4210,41.2110010159067
4211,50.54856784405912
4212,64.79688230759848
4213,41.776807488257546
4214,43.64540626097457
4215,52.52366114630246
4216,61.297796683535836
4217,30.633150040021135
4218,62.53352010936902
4219,31.270290825407912
4220,46.86061852593174
4221,30.07322683484302
4222,56.7483534583946
4223,63.95888641717958
4224,34.853091529237275
4225,31.04415739332515
4226,34.78122425747407
4227,31.625886827971378
4228,32.4730335667159
4229,62.570760897312965
4230,28.08101046273724
4231,35.2034969884335
4232,29.08953885663083
4233,58.39912949535554
4234,64.108430548952
4235,49.62402037248896
4236,50.47977704959769
4237,46.706062104487316
4238,60.22610620486986
4239,66.5077913837071
4240,57.60802252236104
4241,83.80314933882146
4242,74.24250529877042
4243,36.811982265566215
4244,39.1055144535749
4245,52.32243462652136
4246,40.51164700550974
4247,28.841846616230278
4248,31.932230443241934
4249,65.00147399304652
4250,42.17961099774921
4251,28.076734563533023
4252,30.559768381550057
4253,31.758728538193466
4254,53.146742450383705
4255,56.0125150608426
4256,27.90128387462444
4257,60.59745260505718
4258,52.01190811984644
4259,66.19598825092831
4260,67.62319507035454
4261,34.639525371997344
4262,29.405329460865268
4263,59.969726057754414
4264,52.27411040990216
4265,31.46456495301586
4266,33.15172555450231
4267,43.03170152018795
4268,48.97447915978842
4269,36.27854470895309
4270,64.25931491289289
4271,40.915525399716856
4272,63.76655482838726
4273,40.419422463600384
4274,49.37870138688815
4275,48.225087482419056
4276,64.28481974405148
4277,32.775143992148216
4278,52.05824293575856
4279,30.341771518856767
4280,60.40913157336462
4281,66.02851470013229
4282,28.476302521128765
4283,31.1441986939694
4284,64.06079208665979
4285,31.755800499938168
4286,30.766425283451632
4287,33.236538395245944
4288,35.23095823005982
4289,31.496481765637036
4290,50.421464298085915
4291,33.889271318200834
4292,36.01369827848609
4293,57.46287752313256
4294,34.15563126432662
4295,48.831717693937705
4296,64.83105018023207
4297,37.11611369212079
4298,34.87592947938856
4299,29.470998398175716
4300,49.64138175632915
4301,55.648373146530545
4302,48.12388399126587
4303,29.268873375595234
4304,30.58136798192036
4305,54.09745883516833
4306,31.914744789349434
4307,58.83304179882308
4308,35.487075592828205
4309,64.20724495385383
4310,35.57805998216606
4311,30.15232270995869
4312,52.95062905206575
4313,37.82885488671498
4314,27.687007262515728
4315,55.15910588329127
4316,29.86860508099116
4317,43.453120527402916
4318,51.53693598251192
4319,41.946453175260146
4320,50.82113840689349
4321,54.20954845646504
4322,29.8469006885015
4323,55.93960127856285
4324,62.93333191480727
4325,30.20684960602494
4326,26.517926170580658
4327,37.005170224997585
4328,29.045988114500865
4329,65.01799265992783
4330,51.74702629570717
4331,30.70036222590435
4332,39.63378997193884
4333,35.48848597808305
4334,29.360845786791316
4335,60.747661037413735
4336,33.5748104668623
4337,29.704653754269955
4338,28.853249886128197
4339,34.452413102793244
4340,56.331438204111606
4341,30.101119369310645
4342,30.522457531128936
4343,31.40663966770078
4344,50.29981880801924
4345,31.54878456955023
4346,60.35994250313894
4347,31.811042699126496
4348,53.14710967827513
4349,59.99894004632999
4350,35.39578252239963
4351,61.11613531470789
4352,41.932395667276595
4353,34.35701323148062
4354,36.76813152749493
4355,43.52785084045981
4356,64.26277068811994
4357,38.97217045805628
4358,33.25696601476032
4359,50.55976124748508
4360,46.44389578872757
4361,33.0730812717628
4362,28.92409377137257
4363,68.62201542868924
4364,27.629290782660426
4365,45.57984617061129
4366,36.14013813384801
4367,64.98970274426583
4368,45.0881704236476
4369,52.42233291545132
4370,44.118196284216964
4371,33.99309923009396
4372,30.81487588627777
4373,52.88023563696282
4374,31.781809651181128
4375,36.511292484272246
4376,38.51898084281293
4377,35.00351767490508
4378,59.461107543599674
4379,64.71890762956589
4380,32.29015087080116
4381,31.96315606654848
4382,35.74372844404615
4383,37.87812334341095
4384,34.983442626570934
4385,35.260126413370536
4386,48.98555611293528
4387,58.323227025187144
4388,29.665180042719207
4389,61.265369604519336
4390,41.88056982365572
4391,64.42235736226397
4392,35.780879163693676
4393,52.35694641676592
4394,62.57990114273588
4395,27.146694675652107
4396,30.903781690874688
4397,52.02306188219321
4398,59.482299103584204
4399,67.46350827755454
4400,34.15587571866121
4401,67.0539488905575
4402,32.98163837716936
4403,53.677873797086335
4404,34.132979652570455
4405,57.62368569190576
4406,32.972375031860054
4407,64.84593626627509
4408,33.52609654860449
4409,44.02990836575013
4410,56.57866315578239
4411,28.387701321533903
4412,42.865987132402445
4413,61.14020064948208
4414,52.290363567364054
4415,45.361348277657
4416,64.14342647633403
4417,30.312791969712578
4418,48.109435838205826
4419,29.07632757155124
4420,43.74126628106542
4421,31.703451694643803
4422,64.5350392123789
4423,33.80030953461919
4424,46.058469569706844
4425,46.35930925120847
4426,49.15591999936185
4427,26.466613784378254
4428,52.62791687730095
4429,42.14672185421465
4430,46.18163669879213
4431,30.873418990915916
4432,32.18324784362132
4433,51.28350001298671
4434,54.87303687006174
4435,30.256831667533298
4436,33.71124479195366
4437,49.4268453823335
4438,31.165650802606592
4439,37.44409240186645
4440,31.5808387577612
4441,31.256660842222033
4442,60.38331508798357
4443,54.409817289539745
4444,45.7855171998724
4445,25.834430131330258
4446,44.087509742786125
4447,75.7023110706542
4448,36.489039525491116
4449,30.64126931208328
4450,45.5287857060986
4451,44.23697557689973
4452,58.716280004393255
4453,51.08477810327534
4454,68.26091896247016
4455,58.27316265198645
4456,53.86707139471331
4457,31.732653813751092
4458,49.78576373519639
4459,34.92776500449743
4460,59.30396341741835
4461,65.34428390606239
4462,30.770153045863402
4463,64.24538020397229
4464,61.10855648853493
4465,41.0306559920148
4466,35.20098409014847
4467,30.68431766083851
4468,42.75002661336278
4469,67.92698798649491
4470,27.269161601428657
4471,48.27913701091397
4472,35.75939926996174
4473,27.95461920301041
4474,33.88933082907732
4475,56.370619840042636
4476,31.146764571830822
4477,37.527154683520465
4478,49.833406651984035
4479,32.4543081696541
4480,30.816203166767806
4481,37.75350879863563
4482,37.36112162727605
4483,61.894087026123955
4484,34.140759971358634
4485,31.76597439721258
4486,28.657560138691586
4487,65.87196078400108
4488,63.96546806440271
4489,33.21974861537155
4490,27.350343756784063
4491,37.006829951898126
4492,31.39534443046565
4493,45.23802235418176
4494,26.577803094549388
4495,46.598664140902684
4496,29.132667786600365
4497,38.88662585282691
4498,31.168714849721447
4499,44.325163610955904
4500,28.259753492581915
4501,30.246538342209114
4502,61.90962554133119
4503,51.434396373961974
4504,72.64256038312837
4505,29.439357007511248
4506,52.79351736334277
4507,37.44524521286917
4508,34.63086033720478
4509,66.68873944899475
4510,44.14368639608474
4511,49.69461002761255
4512,31.902925010519283
4513,47.251952208890216
4514,47.79717564068294
4515,46.35441844513375
4516,57.263984229350726
4517,45.522165995824395
4518,27.186796144851684
4519,28.268291844547946
4520,36.51058937586386
4521,39.121554839445906
4522,32.417175256901835
4523,34.51745740301786
4524,48.635005352105935
4525,27.407198150569833
4526,34.033505013708805
4527,27.83981914135782
4528,35.186637700260384
4529,60.4910439573901
4530,46.575870710792394
4531,56.42417870795553
4532,62.78782226050995
4533,30.155996367747377
4534,31.153173559786538
4535,30.47789413837043
4536,59.17022894949105
4537,59.519938048739505
4538,29.390865933398302
4539,29.043857521587107
4540,64.62619014496408
4541,54.80495154703538
4542,28.45070565956263
4543,27.579015837002125
4544,31.49241281460999
4545,66.77312916525096
4546,70.47546151532052
4547,53.84857695339786
4548,65.78830392335288
4549,67.06068368666749
4550,51.31651920894425
4551,46.14532708534857
4552,30.86618561286867
4553,30.301880618771577
4554,51.76986995608522
4555,32.41590049219458
4556,66.25782164791129
4557,44.779884298414814
4558,31.715603185902943
4559,46.779873638608976
4560,30.192693870421394
4561,30.862947671766925
4562,58.34952461644787
4563,35.55884673230025
4564,28.891536835997698
4565,50.053511215902944
4566,32.32661748406936
4567,53.56662667434757
4568,45.01998322617355
4569,54.39938130693659
4570,28.32755507037149
4571,43.47584551251255
4572,28.41458820506896
4573,64.86878690000404
4574,28.39760022674455
4575,29.57282396019869
4576,42.9934260864477
4577,52.93305065129061
4578,66.06074961560611
4579,31.212932435943777
4580,46.50850534488792
4581,51.65402256927908
4582,50.90309362058186
4583,67.3093090518902
4584,34.03777679132037
4585,54.14817230512655
4586,26.112559589737643
4587,33.71466350635018
4588,49.747125247545945
4589,55.913173849719875
4590,58.43151806524645
4591,33.64615059246946
4592,55.31993323700389
4593,62.877617978147846
4594,29.20290063119503
4595,29.089871709012577
4596,38.11396396932879
4597,27.055824508137405
4598,33.62046566609014
4599,29.287172434908037
4600,59.77325315809446
4601,30.6983515592975
4602,34.91996423004111
4603,41.35705669870676
4604,53.487545025191025
4605,65.73268604454857
4606,39.69071269974204
4607,33.66855922644373
4608,42.42625351609772
4609,54.33669919941079
4610,36.52129720741202
4611,26.89724123177134
4612,34.488112467262255
4613,33.50016229039683
4614,33.41863855144695
4615,32.925309403351534
4616,65.61423872382272
4617,31.246922768793816
4618,75.48405104234928
4619,40.42904432893751
4620,37.60510163278799
4621,32.80034588155808
4622,50.83956241924658
4623,29.001882885308937
4624,34.30250758920394
4625,69.71822563271616
4626,65.42250170273385
4627,67.54409296505169
4628,71.4537279775384
4629,33.74158023156769
4630,68.27245968642083
4631,65.92881170829773
4632,36.16438092851389
4633,29.952809997674983
4634,61.00316870515588
4635,50.873365549442084
4636,33.24267412870772
4637,35.28499624684111
4638,62.3316471758396
4639,64.78399775966905
4640,31.815996978069762
4641,61.5139092931169
4642,32.96265177108956
4643,67.72108628927118
4644,34.829048617225055
4645,31.87956479870347
4646,67.93483219344397
4647,63.953432178086146
4648,33.74052384174571
4649,32.674460786684676
4650,45.158926855849955
4651,38.71075148076434
4652,41.83991256247456
4653,71.60717837869458
4654,68.93849198959693
4655,36.92004663028186
4656,32.78312079973378
4657,28.843259327365367
4658,29.28717065606557
4659,54.76944395151043
4660,30.198081877586866
4661,32.34951248790492
4662,57.322767152825676
4663,51.95375624414386
4664,64.53340395501273
4665,29.473051970966182
4666,66.15738010718721
4667,28.485397744237524
4668,25.54565598378366
4669,34.37321313864982
4670,38.805228978335336
4671,61.39656483818133
4672,45.52042262452446
4673,33.45574317896628
4674,58.36981055596168
4675,47.297201807346624
4676,33.56255148980757
4677,60.99031327376257
4678,32.22905123896884
4679,53.675231699657445
4680,63.75531559302376
4681,32.95844167378322
4682,65.36161426022113
4683,41.59333460941892
4684,52.489273711566014
4685,33.323117967314225
4686,58.972064520349704
4687,61.80927722964038
4688,34.277553656781095
4689,53.99019604308978
4690,29.042014920886793
4691,57.536801112479026
4692,47.224458177799846
4693,30.125837537808906
4694,58.850704376515594
4695,59.34302041934343
4696,52.168587053405034
4697,28.16164460521827
4698,35.6342396864315
4699,72.72220005818964
4700,64.18479015524838
4701,33.138105462300395
4702,40.508351729733896
4703,31.22299202000059
4704,30.687930356617578
4705,38.14729845879026
4706,30.10825632128985
4707,54.303130829162974
4708,29.772096567435746
4709,34.951914553910164
4710,28.49584740141602
4711,33.885589101955006
4712,53.11581060302381
4713,36.376504702807935
4714,35.86132084147101
4715,64.72809759925946
4716,35.687829155321545
4717,55.82743111807855
4718,32.919847769449945
4719,28.970498403026568
4720,61.680811777955014
4721,28.75436271393645
4722,44.54845548062376
4723,31.470548007664306
4724,36.90935944262439
4725,30.36948685993456
4726,29.83277310321592
4727,54.65817677797431
4728,58.878735276624084
4729,64.31826901392809
4730,64.41963998113665
4731,56.78202772340502
4732,35.979334319319605
4733,34.711151943900106
4734,42.126214202204075
4735,30.709926460764883
4736,32.494635313069445
4737,58.67799079015968
4738,28.85840323912697
4739,68.49604995138547
4740,67.80400915887455
4741,30.23201257018151
4742,33.987988158177174
4743,61.48137224586883
4744,50.83740021221862
4745,54.79886678909823
4746,43.270449361715535
4747,61.38403969968706
4748,46.97529290544449
4749,64.00940656359546
4750,31.554101840672786
4751,33.87381420947596
4752,33.93699982601096
4753,64.362997310415
4754,72.60175638435275
4755,34.8261951924581
4756,53.73455432986948
4757,39.27467107231744
4758,65.00541292208126
4759,29.020310853427993
4760,50.269709199962676
4761,54.333604261777715
4762,29.462110310411752
4763,60.76273357173962
4764,35.77864829122974
4765,27.517783652986623
4766,30.221130403741654
4767,33.99376513085798
4768,34.43867690110592
4769,31.39142564226414
4770,32.15162801462174
4771,30.1916196949808
4772,36.64943403431833
4773,60.39467525844912
4774,35.96012959389601
4775,50.91284608907088
4776,54.86976464152198
4777,32.71148262927696
4778,29.549770452136528
4779,54.43773270702545
4780,45.72474649309346
4781,55.62496732112375
4782,31.341844066481578
4783,44.32375210099879
4784,35.487626468851886
4785,34.205891750460225
4786,31.564401435231474
4787,64.56388826809004
4788,65.29074815490316
4789,71.67741138797736
4790,30.90349911816032
4791,58.146086026932316
4792,54.56946976655378
4793,29.119845434939478
4794,30.29901843517836
4795,34.153720581496195
4796,39.06552460441978
4797,29.235804833352418
4798,37.2477995079033
4799,48.99416332070353
4800,57.366089598295055
4801,30.476772519414993
4802,27.386729277370712
4803,27.487007023798434
4804,34.80612481263244
4805,30.32481536067779
4806,27.416808597403765
4807,61.23445952917537
4808,35.122130154233545
4809,68.03266281098914
4810,53.36366734616436
4811,56.66333389453438
4812,27.82217533693096
4813,29.847808203360678
4814,58.45113922945373
4815,46.195242780259825
4816,48.433198077008875
4817,50.492263921057194
4818,31.773826946232838
4819,78.8870114173246
4820,40.917773034819035
4821,30.80573669574158
4822,39.83193079157623
4823,42.10019932958194
4824,34.01602649087465
4825,27.547286940202277
4826,46.82882847838401
4827,29.765751157911758
4828,56.15958472417894
4829,31.215466759782366
4830,59.156430313231596
4831,53.111894474091024
4832,74.52139771386175
4833,30.654848834893173
4834,26.29444499748051
4835,28.586090005071796
4836,29.841216835240957
4837,28.09735386189182
4838,53.74017383025015
4839,65.12191667708481
4840,44.82629043477919
4841,59.70057107944681
4842,32.58845216369524
4843,33.2662570193635
4844,37.42488894025942
4845,27.08697394642458
4846,48.02245674721357
4847,69.15901856831012
4848,60.29219141016779
4849,28.82627233406317
4850,27.763884721538027
4851,35.4287971825859
4852,51.73503171281218
4853,30.619206138416928
4854,35.75740011526959
4855,45.556962062159954
4856,60.3931228399979
4857,42.594010566975605
4858,39.50424401504785
4859,31.929407661235373
4860,32.585116384055596
4861,35.93503766867937
4862,31.210585968505157
4863,32.388095161541216
4864,59.0522610624344
4865,36.769513552681346
4866,61.56540607983584
4867,31.58129594786402
4868,30.265205563366898
4869,40.61982405488614
4870,33.547972655609925
4871,65.3728836936125
4872,54.59902611784268
4873,36.14742744273308
4874,29.215590856047342
4875,42.356299277409065
4876,56.64906653075781
4877,34.42305451638414
4878,69.31563634919023
4879,65.49401572310413
4880,35.2903259952992
4881,45.011153707655964
4882,36.60870228126183
4883,31.365686862752817
4884,31.316406355649036
4885,50.87829423540192
4886,65.43476397408443
4887,39.2651233998035
4888,40.54270622381917
4889,26.826194501138637
4890,48.77404156279749
4891,38.014439474321044
4892,28.601832096538217
4893,57.8262317609438
4894,36.20110026319682
4895,32.7550835965302
4896,37.698725117632165
4897,67.22164042060184
4898,37.91943411405497
4899,61.13072614869766
4900,44.22323926831307
4901,66.37396860061419
4902,53.47837907071471
4903,60.01072389564985
4904,48.52685041113407
4905,58.40157600844368
4906,54.60282483806688
4907,34.12860803865469
4908,28.86019729705437
4909,63.108384129201966
4910,37.61080210543902
4911,29.054463432245633
4912,28.65925645002642
4913,65.81694572604228
4914,29.381226552433347
4915,35.174166769891826
4916,39.237356637231024
4917,44.76747948183076
4918,31.053434142781654
4919,64.15336204873722
4920,27.855371145461277
4921,31.27100491559481
4922,31.060578967749308
4923,53.46082667589095
4924,30.77745078397392
4925,41.192141619622944
4926,62.15232744500516
4927,32.423404079113084
4928,61.092050570961035
4929,67.14749590566882
4930,29.93583794972487
4931,43.13026623758576
4932,47.25312957183753
4933,50.64126796378173
4934,31.942462789536563
4935,32.17889885578905
4936,57.86052880549136
4937,29.620903971792004
4938,66.44450984268727
4939,34.37389305637855
4940,50.10067066683285
4941,56.24442906043417
4942,46.83167500032952
4943,55.02925456815094
4944,27.18179111198328
4945,63.694706596669945
4946,30.987546215533165
4947,34.87055268664404
4948,27.528937962205617
4949,31.24664824108779
4950,36.153847629274054
4951,24.634754015079125
4952,38.72828793476268
4953,52.17936868845896
4954,49.4593061779007
4955,57.24644521749429
4956,33.28693401333009
4957,32.30152650847759
4958,50.02568741282879
4959,38.41954720856702
4960,34.149213755904285
4961,32.8433165496865
4962,61.88522526415446
4963,45.59749852026827
4964,34.91509220063513
4965,62.11560322755249
4966,33.02149597005166
4967,45.97129051301435
4968,68.34473064732919
4969,68.15936300844118
4970,63.44324942515128
4971,56.23297435069561
4972,35.8710507262542
4973,29.870623835153985
4974,58.35088511404215
4975,30.428774152570924
4976,31.67679990986963
4977,29.09672392705474
4978,41.057234774037724
4979,46.52195475426322
4980,66.39443200661204
4981,28.526481447373648
4982,30.689260127620983
4983,38.34380725442232
4984,45.59285044464716
4985,53.02006746748178
4986,68.1343786634316
4987,27.276352680695886
4988,48.58883946889928
4989,36.70180036217331
4990,64.13191606684094
4991,59.062252464643876
4992,32.3582882263531
4993,27.493790985073467
4994,45.39420435695673
4995,33.10684510818465
4996,53.11086592690168
4997,57.133783500354454
4998,46.88935457674175
4999,118.21463802850039
